1,KOD,ILOSC,nr z odkupu,NAZWA_TOWARU,KOD,ILOSC,IND_IC,NAZWA,CENA DO ODKUPU PLN ZA 1 SZT.
Filtr paliwa Filtron PP 968,5904608009685,1,1,Filtr kabinowy B4A015PR K1118A,IC-AA0D89,1,K 1118A,Filtr kabiny,"44,98"
Filtr paliwa FILTRON PS 921,5904608009210,1,,Filtr powietrza FILTRON AP 085/2,5904608030580,1,AP 085/2,Filtr powietrza,"42,75"
Filtr paliwa B3W033PR,IC-BA7097,1,,Filtr paliwa FILTRON PP839/4,5904608048394,1,PP 839/4,Filtr paliwa,"39,41"
Filtr paliwa Filtron PP 979/4,5904608059796,1,,Filtr paliwa Filtron PP 848/2,5904608038487,1,PP 848/2,Filtr paliwa,"37,73"
Filtr paliwa Bosch 1 457 434 314 PP968,3165143410790,1,,Filtr kabinowy B4B002CPR K1136A,IC-BDC005,1,K 1136A,Filtr kabiny,"30,9"
Filtr paliwa Filtron PE 973/2,5904608049735,1,,Filtr paliwa Filtron PS 980/2,5904608039804,1,PS 980/2,Filtr paliwa,"30,58"
Filtr paliwa Filtron PP 960/1,5904608029607,1,,Filtr kabinowy B4A014CPR K1078A,IC-B4D0A4,1,K 1078A,Filtr kabiny,"30,4"
Filtr paliwa Filtron PP 940,5904608009401,1,,Filtr paliwa Bosch 1 457 434 437,3165143430712,1,1457434437,Filtr paliwa,"27,75"
Filtr paliwa Filtron PP 950,5904608009500,1,,Filtr powietrza B2F070PR AR 316/1,,1,AR 316/1,Filtr powietrza,"26,53"
Filtr paliwa Filtron PM 936,5904608009364,1,,Filtr powietrza Filtron AR 316/1,5904608023162,1,AR 316/1,Filtr powietrza,"26,53"
Filtr paliwa B3G005PR PP 865/2,IC-A9C494,1,,Filtr paliwa FILTRON PP 848/1,5904608018489,1,PP 848/1,Filtr paliwa,"26,36"
Filtr paliwa FILTRON PS 865/4,5904608058652,2,,Filtr paliwa Filtron PP 960/1,5904608029607,1,PP 960/1,Filtr paliwa,"25,81"
Filtr paliwa FILTRON PP839/4,5904608048394,1,,Filtr powietrza Filtron AK 362,5904608003621,1,AK 362,Filtr powietrza,"25,67"
Filtr paliwa FILTRON PP 841,5904608008411,1,,Filtr paliwa FILTRON PP 836/3,5904608048363,1,PP 836/3,Filtr paliwa,"23,58"
Filtr paliwa FILTRON PP 840,5904608008404,1,,Filtr paliwa Filtron PP 836/4,5904608058362,1,PP 836/4,Filtr paliwa,"23,43"
Filtr paliwa Bosch 1 457 434 437,3165143430712,1,,Filtr paliwa Filtron PP 855,5904608008558,1,PP 855,Filtr paliwa,"22,18"
Filtr paliwa FILTRON PP 848/1,5904608018489,1,,Filtr kabinowy B4X024CPR K1223A,IC-C3E2D8,1,K 1223A,Filtr kabiny,"22,03"
Filtr paliwa Filtron PM 858,5904608008589,2,,Filtr powietrza B2M070PR AP 034/2,IC-BA1E97,1,AP 034/2,Filtr powietrza,"21,23"
Filtr paliwa Filtron PS860,5904608008602,2,,Filtr powietrza Filtron AP 035/2,5904608030351,1,AP 035/2,Filtr powietrza,"20,54"
Filtr paliwa Filtron PP 865/5,5904608068651,1,,Filtr powietrza B2W009PR AR 265,IC-AA017E,1,AR 265,Filtr powietrza,"20,49"
PX C446,3286061813651,1,,Filtr kabinowy B4C014CPR K1247A,IC-C3E2CD,1,K 1247A,Filtr kabiny,"19,31"
Filtr paliwa Filtron PP 838/1,5904608018380,2,,Filtr paliwa Filtron PP 979/4,5904608059796,1,PP 979/4,Filtr paliwa,"19,19"
Filtr paliwa B3W018PR PP 836/1,IC-AA0B25,1,,Filtr paliwa Filtron PP 838/1,5904608018380,2,PP 838/1,Filtr paliwa,"18,79"
Filtr paliwa B3G011PR PP 865,IC-AA0B52,1,,Filtr kabinowy B4F013CPR K1103A,IC-B46EC7,1,K 1103A,Filtr kabiny,"18,68"
Filtr paliwa B30329PR,IC-A94B36,1,,Filtr kabinowy B4M019PR K1146,IC-BA119F,1,K 1146,Filtr kabiny,"18,56"
Filtr paliwa Filtron PP 848/2,5904608038487,1,,Filtr powietrza Filtron AR 327/2,5904608033277,1,AR 327/2,Filtr powietrza,"18,54"
Filtr paliwa FILTRON PP 850,5904608008503,1,,Filtr paliwa FILTRON PP 850,5904608008503,1,PP 850,Filtr paliwa,"17,99"
Filtr paliwa Filtron PP 855,5904608008558,1,,Filtr paliwa B30326PR PP979/2,IC-A94B33,1,PP 979/2,Filtr paliwa,"17,98"
Filtr paliwa Filtron PP 850/2,5904608028501,1,,Filtr paliwa Filtron PP 850/2,5904608028501,1,PP 850/2,Filtr paliwa,"17,89"
Filtr paliwa FILTRON PP 839/1,5904608018397,1,,Filtr kabinowy B4R018CPR K1089A,IC-B8B4A0,1,K 1089A,Filtr kabiny,"17,88"
Filtr paliwa B3W020PR,IC-A9755B,1,,Filtr powietrza B24053PR AP 102/3,IC-A8FDED,1,AP 102/3,Filtr powietrza,"17,8"
Filtr paliwa B3W006PR PP 839/1,IC-AA0D6C,1,,Filtr powietrza Bosch F 026 400 114,4047024713055,1,F 026 400 114,Filtr powietrza,"17,54"
Filtr paliwa B3G031PR PE 816/5,IC-B9C0A1,2,,Filtr paliwa Filtron PP 950,5904608009500,1,PP 950,Filtr paliwa,"17,48"
Filtr paliwa PE 815/5,5904608068156,1,,Filtr kabinowy Filtron K 1047A,5904608110473,1,K 1047A,Filtr kabiny,"17,36"
Filtr paliwa Filtron PS860,5904608008602,1,,Filtr paliwa B3G031PR PE 816/5,IC-B9C0A1,2,PE 816/5,Filtr paliwa,"17,31"
Filtr paliwa Filtron PE 816/3,5904608048165,1,,Filtr paliwa Filtron PE 816/5,5904608068163,1,PE 816/5,Filtr paliwa,"17,31"
Filtr paliwa FILTRON PE815/2,5904608038159,2,,Filtr paliwa Filtron PE 973/2,5904608049735,1,PE 973/2,Filtr paliwa,"17,04"
Filtr paliwa Filtron PM 816/1,5904608018168,1,,Filtr paliwa Filtron PP 968,5904608009685,1,PP 968,Filtr paliwa,"16,97"
Filtr paliwa FILTRON PM 815/4,5904608058157,1,,Filtr kabinowy B40501PR K1149,IC-A94B60,1,K 1149,Filtr kabiny,"16,9"
Filtr paliwa Filtron PE 816/5,5904608068163,1,,Filtr oleju Filtron OP 569,5904608005694,1,OP 569,Filtr oleju,"16,85"
Filtr paliwa Filtron PE 816/4,5904608058164,1,,Filtr powietrza B2V012PR AP 149,IC-AA1EF7,1,AP 149,Filtr powietrza,"16,79"
2,,,,Filtr powietrza Filtron AP 089,5904608000897,1,AP 089,Filtr powietrza,"16,76"
"NAZWA_TOWA,C,120","SYMBOL,C,16","ILOSC,N,9,3",,Filtr oleju Filtron OP 526/5,5904608055262,2,OP 526/5,Filtr oleju,"16,74"
Filtr oleju Filtron OE 670,5904608006707,1,,Filtr paliwa B3W006PR PP 839/1,IC-AA0D6C,1,PP 839/1,Filtr paliwa,"16,69"
Filtr oleju Filtron OE 672,5904608006721,1,,Filtr paliwa FILTRON PP 839/1,5904608018397,1,PP 839/1,Filtr paliwa,"16,69"
Filtr oleju FIltron OE 674/6,5904608076748,1,,Filtr powietrza B25061PR AP 120/4,IC-AA0A5C,1,AP 120/4,Filtr powietrza,"16,61"
Filtr oleju Filtron OE 674/2,5904608036742,2,,Filtr powietrza B2G070PR AK 372/1,IC-BDC016,1,AK 372/1,Filtr powietrza,"16,51"
Filtr oleju Filtron OE 666/1,5904608026668,1,,Filtr kabinowy B4V000PR K1126,IC-A9FC92,1,K 1126,Filtr kabiny,"16,29"
Filtr oleju Filtron OE 649/7,5904608086495,2,,LA167,4009026509166,1,LA167,Filtr kabiny,"16,15"
Filtr oleju Filtron OE 650/2,5904608036506,3,,Filtr powietrza B2A015PR AP 179/2,IC-BA1705,1,AP 179/2,Filtr powietrza,"16,07"
Filtr oleju Filtron OE 671,5904608006714,1,,Filtr powietrza B22102PR AP 178/1,IC-AA0E87,1,AP 178/1,Filtr powietrza,"15,89"
Filtr oleju Filtron OE 685/4,5904608056856,1,,Filtr kabinowy B4P016CPR K1147A,IC-B4D534,1,K 1147A,Filtr kabiny,"15,56"
Filtr oleju Filtron OE 673,5904608006738,1,,Filtr powietrza B2W058PR AP 183/3,IC-BA7090,1,AP 183/3,Filtr powietrza,"15,39"
Filtr oleju Filtron OE 682,5904608006820,1,,Filtr kabinowy B4V002PR K1117,IC-A9FC93,1,K 1117,Filtr kabiny,"15,34"
Filtr oleju Filtron OE 669,5904608006691,1,,Filtr powietrza B21051PR AP 134/7,IC-AA0E85,1,AP 134/7,Filtr powietrza,"15,34"
Filtr oleju Filtron OE 666,5904608006660,2,,Filtr kabinowy B4X023PR K1121,IC-BDC004,1,K 1121,Filtr kabiny,"15,26"
Filtr oleju Filtron OE 662,5904608006622,1,,Filtr oleju Filtron OP 526/6,5904608065261,1,OP 526/6,Filtr oleju,"15,21"
Filtr oleju Filtron OE 667/1,5904608026675,2,,Filtr powietrza Filtron Ap 122/9,5904608101228,1,AP 122/9,Filtr powietrza,"15,12"
Filtr oleju Filtron OE 683,5904608006837,1,,Filtr paliwa B3G005PR PP 865/2,IC-A9C494,1,PP 865/2,Filtr paliwa,"15,05"
Filtr oleju Filtron OE 682/2,5904608036827,1,,Filtr kabinowy B4M010PR K1065,IC-AA0645,1,K 1065,Filtr kabiny,"15,01"
Filtr oleju Filtron oe 685/2,5904608036858,1,,Filtr powietrza B2W026PR AR 265/1,IC-AEF687,1,AR 265/1,Filtr powietrza,"14,65"
Filtr oleju Filtron OE 666/2,5904608036667,1,,Filtr kabinowy B4W007PR K1037,IC-A9FCEC,1,K 1037,Filtr kabiny,"14,54"
Filtr oleju OE 650/1,5904608026507,3,,Filtr oleju filtron OP 641/1,5904608026415,1,OP 641/1,Filtr oleju,"14,51"
Filtr oleju Filtron OE 649/1,5904608016492,1,,Filtr paliwa Filtron PP 865/5,5904608068651,1,PP 865/5,Filtr paliwa,"14,49"
Filtr oleju Filtron OE 650,5904608006509,1,,Filtr powietrza Filtron AP 051/4,5904608050519,3,AP 051/4,Filtr powietrza,"14,46"
Filtr oleju Filtron OE 655,5904608006554,1,,Filtr powietrza Filtron AP 195,5904608001955,1,AP 195,Filtr powietrza,"14,45"
Filtr oleju Filtron OE 648/5,5904608066480,2,,Filtr oleju Filtron OP 592/5,5904608065926,1,OP 592/5,Filtr oleju,"14,44"
Filtr oleju Filtron OE 649/6,5904608076496,1,,Filtr kabinowy B40513PR K1250,IC-C730B3,1,K 1250,Filtr kabiny,"14,37"
Filtr oleju Filtron OE 649/4,5904608046499,2,,Filtr paliwa B3W016PR PP 839,IC-A9FCBA,2,PP 839,Filtr paliwa,"14,3"
Filtr oleju Filtron OE 649/2,5904608026491,1,,Filtr oleju Filtron OE 650,5904608006509,1,OE 650,Filtr oleju,"14,15"
Filtr oleju OE 650/1,5904608026507,1,,Filtr kabinowy B42011PR K1207,IC-A8FE0C,1,K 1207,Filtr kabiny,"14,08"
Filtr oleju Filtron OE 649/5,5904608066497,1,,Filtr powietrza FILTRON AP 051/5,5904608060518,2,AP 051/5,Filtr powietrza,"14,07"
Filtr oleju Filtron OE 640/3,5904608036407,1,,Filtr kabinowy Filtron K1287,5904608802873,1,K 1287,Filtr kabiny,"14,04"
Filtr oleju Filtron OP 643/5,5904608066435,2,,Filtr powietrza B20028PR AP 051/8,IC-BDBFF6,1,AP 051/8,Filtr powietrza,"14,03"
Filtr oleju Filtron OP 642/3,5904608046420,1,,Filtr powietrza Filtron AP 003/3,5904608040039,1,AP 003/3,Filtr powietrza,"13,98"
Filtr oleju filtron OP 641/1,5904608026415,1,,Filtr powietrza Filtron AP 011,5904608000118,1,AP 011,Filtr powietrza,"13,97"
Filtr oleju Filtron OE 640/7,5904608086402,1,,Filtr powietrza B2W030PR AP 149/3,IC-AA1FAC,1,AP 149/3,Filtr powietrza,"13,87"
Filtr oleju Filtron OE 648/3,5904608046482,1,,Filtr oleju Filtron OP 574,5904608005748,1,OP 574,Filtr oleju,"13,86"
Filtr oleju Filtron OE 648/1,5904608016485,1,,Filtr powietrza B2G064PR AP 074/4,IC-BA7B4F,1,AP 074/4,Filtr powietrza,"13,84"
Filtr oleju Filtron OP 546/1,5904608025463,1,,Filtr powietrza B20529PR AP 107/7,IC-B3B3A7,1,AP 107/7,Filtr powietrza,"13,75"
Filtr oleju Filtron OP 641,5904608006417,1,,Filtr powietrza B2S002PR AP 189/1,IC-AE7CE0,1,AP 189/1,Filtr powietrza,"13,7"
Filtr oleju Filtron OP 545/2,5904608025456,1,,Filtr paliwa PE 815/5,5904608068156,1,PE 815/5,Filtr paliwa,"13,68"
Filtr oleju Filtron OE 640/5,5904608056405,1,,Filtr kabinowy B4D002CPR K1035A,C-AA05F3,1,K 1035A,Filtr kabiny,"13,66"
Filtr oleju Filtron OE 640/6,5904608066404,1,,Filtr kabinowy B41002PR K1174,IC-A8FFE5,1,K 1174,Filtr kabiny,"13,52"
Filtr oleju Filtron OP 642/2,5904608036421,1,,Filtr powietrza B2C047PR AP 058/3,IC-BA709D,1,AP 058/3,Filtr powietrza,"13,51"
Filtr oleju Filtron oe 640/9,5904608106407,1,,Filtr powietrza B2W062PR,IC-C57EFA,1,B2W062PR,Filtr powietrza,"13,4"
Filtr oleju Filtron OE 648/2,5904608026484,1,,Filtr kabinowy B4V005PR K1115,IC-AA06A2,2,K 1115,Filtr kabiny,"13,26"
Filtr oleju Filtron OP 643/4,5904608056436,1,,Filtr powietrza Filtron AP 139/1,5904608021397,1,AP 139/1,Filtr powietrza,"13,23"
Filtr oleju Filtron OE 640/4,5904608046406,2,,Filtr powietrza Filtron AP 118/1,5904608011183,1,AP 118/1,Filtr powietrza,"13,18"
3,,,,Filtr powietrza B2S006PR AP 149/4,IC-AA0F25,2,AP 149/4,Filtr powietrza,"13,16"
"NAZWA_TOWA,C,120","SYMBOL,C,16","ILOSC,N,9,3",,Filtr powietrza B22050PR AP 167,IC-A9013D,1,AP 167,Filtr powietrza,"13,13"
Filtr powietrza B25055PR,IC-A8FDF4,1,,Uszczelka pokrywy zaw. EL717480,4041248487181,1,EL717480,Uszczelka pokrywy zaworów,"13,07"
Filtr powietrza B25031pr Ap 180,IC-A90046,1,,Filtr powietrza B2M036PR AR 327/1,IC-A9C540,1,AR 327/1,Filtr powietrza,"13,04"
Filtr powietrza B25049PR AP 181,IC-A90036,1,,Filtr oleju Filtron OP 592/9,5904608105929,1,OP 592/9,Filtr oleju,"13,03"
Filtr powietrza B2W020PR AP183,IC-AA0F22,2,,Filtr kabinowy B4W006PR K1024,IC-A9FCEB,1,K 1024,Filtr kabiny,"13,01"
Filtr powietrza B2W058PR AP 183/3,IC-BA7090,1,,Filtr powietrza Filtron AP 122/8,5904608091222,1,AP 122/8,Filtr powietrza,"12,94"
Filtr powietrza B2W041PR,IC-AA0CA9,1,,Filtr kabinowy B4R027PR K1167,IC-AA06F6,1,K 1167,Filtr kabiny,"12,9"
Filtr powietrza B21071PR AP 185/5,IC-AA0A3F,1,,Filtr paliwa FILTRON PS 865/4,5904608058652,2,PS 865/4,Filtr paliwa,"12,86"
Filtr powietrza B2S002PR AP 189/1,IC-AE7CE0,1,,Filtr oleju Filtron OE 650/2,5904608036506,3,OE 650/2,Filtr oleju,"12,84"
Filtr powietrza B2C055PR,IC-D8029E,1,,Filtr powietrza B2F049PR AR 234/3,IC-AEF6E1,2,AR 234/3,Filtr powietrza,"12,83"
Filtr powietrza B2R060PR,IC-C3E2B3,1,,Filtr powietrza Filtron AR 234/3,5904608042347,1,AR 234/3,Filtr powietrza,"12,83"
Filtr powietrza Filtron AR 286,5904608002860,1,,Filtr kabinowy B4R029PR-2X K1248-2X,IC-C3E2D5,2,K 1248-2X,Filtr kabiny,"12,74"
Filtr powietrza B2W050PR AP186,IC-B9C560,1,,Filtr powietrza B28030PR AP 130/9,IC-A8FDFB,2,AP 130/9,Filtr powietrza,"12,61"
Filtr powietrza Filtron AP 185/1,5904608011855,2,,Filtr powietrza Filtron AP 003/5,5904608060037,1,AP 003/5,Filtr powietrza,"12,56"
Filtr powietrza B2R048PR AP 185/2,IC-B9C580,1,,Filtr kabinowy Filtron K1055,5904608010551,1,K 1055,Filtr kabiny,"12,5"
Filtr powietrza B2R059PR,,1,,Filtr kabinowy B4G018PR K1154,IC-B46EE3,1,K 1154,Filtr kabiny,"12,44"
Filtr powietrza B2R040PR AP 135/2,IC-AA1EF6,1,,Filtr powietrza B2W010PR AP 063,IC-A9DE05,1,AP 063,Filtr powietrza,"12,33"
Filtr powietrza FILTRON AP134/3,5904608041340,1,,Filtr oleju Filtron OP 546/1,5904608025463,1,OP 546/1,Filtr oleju,"12,32"
Filtr powietrza B2C021PR AP 130/8,IC-AEF6DA,1,,Filtr powietrza B24058PR AP 104/7,IC-A8FDF1,1,AP 104/7,Filtr powietrza,"12,32"
Filtr powietrza Filtron AP 134/4,5904608051349,1,,Filtr oleju Filtron OP 525/4,5904608055255,1,OP 525/4,Filtr oleju,"12,26"
Filtr powietrza Filtron AP 139/1,5904608021397,1,,Filtr powietrza B2R021PR AR349,IC-AA0F21,1,AR 349,Filtr powietrza,"12,12"
Filtr powietrza B2W011PR AP 140,IC-A9EBDB,1,,Uszczelka pokrywy zaw. EL505060,4041248424315,1,EL505060,Uszczelka pokrywy zaworów,"12,12"
Filtr powietrza B2W061PR,IC-C3E2B8,1,,Filtr oleju Filtron OP 642/3,5904608046420,1,OP 642/3,Filtr oleju,"12,06"
Filtr powietrza Filtron AP 134/2,5904608021342,1,,Filtr powietrza B22089PR AP 142/3,IC-A9016B,1,AP 142/3,Filtr powietrza,"12,04"
Filtr powietrza B2K005PR AP 138,IC-AA1EF3,1,,Filtr powietrza Filtron AP 142/3,5904608041425,1,AP 142/3,Filtr powietrza,"12,04"
Filtr powietrza B21051PR AP 134/7,IC-AA0E85,1,,Filtr paliwa Filtron PE 816/4,5904608058164,1,PE 816/4,Filtr paliwa,"11,95"
Filtr powietrza FILTRON AP 133/2,5904608031334,1,,Filtr paliwa B3G024PR,IC-A9FFB5,1,B3G024PR,Filtr paliwa,"11,85"
Filtr powietrza B2R034PR AR 131/1,IC-AEF66B,1,,Filtr powietrza B2M042PR AP 010,IC-A9D652,1,AP 010,Filtr powietrza,"11,83"
Filtr powietrza B2R018PR AP 134/1,IC-BA87CB,1,,Filtr powietrza Filtron AP 113/3,5904608041135,1,AP 113/3,Filtr powietrza,"11,8"
Filtr powietrza BluePrint ADH22269,5050063006599,1,,Filtr powietrza B2C044PR AP 090/4,IC-BA1D51,1,AP 090/4,Filtr powietrza,"11,76"
Filtr powietrza B2W047PR,IC-B9C57F,1,,Filtr kabinowy B4G020PR K1150,IC-B46EDA,1,K 1150,Filtr kabiny,"11,74"
Filtr powietrza B2S006PR AP 149/4,IC-AA0F25,2,,Filtr powietrza B2F039PR AR 234/2,IC-AEF6E9,2,AR 234/2,Filtr powietrza,"11,71"
Filtr powietrza B2W030PR AP 149/3,IC-AA1FAC,1,,Filtr kabinowy B4C009PR K1107,IC-AA069F,1,K 1107,Filtr kabiny,"11,7"
Filtr powietrza B2X028PR AP152,IC-AE7CE5,1,,Filtr oleju Filtron OP 538,5904608005380,1,OP 538,Filtr oleju,"11,7"
Filtr powietrza B2V012PR AP 149,IC-AA1EF7,1,,Filtr powietrza Filtron AR 232/1,5904608012326,1,AR 232/1,Filtr powietrza,"11,63"
Filtr powietrza B22092PR AP 142/6,IC-A90091,1,,Filtr oleju Filtron OE 640/7,5904608086402,1,OE 640/7,Filtr oleju,"11,51"
Filtr powietrza Filtron AP 134/2,5904608021342,1,,Zestaw naprawczy zacisku D4-538,8430320045955,2,D4-538,Zestaw naprawczy zacisku hamulcowego,"11,49"
Filtr powietrza Filtron AP 142/3,5904608041425,1,,Filtr oleju Filtron OC 601,5904608006011,1,OC 601,Filtr oleju,"11,43"
Filtr powietrza LX1950 AP142/4,4009026511442,1,,Filtr powietrza B2C021PR AP 130/7,IC-AEF6DA,2,AP 130/7,Filtr powietrza,"11,4"
Filtr powietrza B22089PR AP 142/3,IC-A9016B,1,,Filtr powietrza Filtron AP 160/1,5904608021601,1,AP 160/1,Filtr powietrza,"11,4"
Filtr powietrza Filtron AP 155,5904608001559,2,,Filtr powietrza B2F059PR AP 092/7,IC-B46ECE,1,AP 092/7,Filtr powietrza,"11,25"
Filtr powietrza Filtron AP 151/5,5904608061515,1,,Filtr powietrza B22092PR AP 142/6,IC-A90091,1,AP 142/6,Filtr powietrza,"11,24"
Filtr powietrza B21060PR,IC-A8FDDB,1,,Filtr pow. kabinowy Filtron K 1127,5904608081278,1,K 1127,Filtr kabiny,"11,16"
4,,,,Filtr powietrza B2C021PR AP 130/8,IC-AEF6DA,1,AP 130/8,Filtr powietrza,"11,15"
Filtr powietrza B2G018PR AE251,,1,,Filtr kabinowy B4A003PR K1032,IC-AEF60C,2,K 1032,Filtr kabiny,"11,05"
Filtr powietrza B2W026PR AR 265/1,IC-AEF687,1,,Filtr paliwa Filtron PP 837,5904608008374,1,PP 837,Filtr paliwa,"11,02"
Filtr powietrza B2F049PR AR 234/3,IC-AEF6E1,2,,Filtr powietrza B20332PR AP 177/7,IC-AA0D8C,1,AP 177/7,Filtr powietrza,"11,02"
Filtr powietrza B2F055PR AR 232/2,IC-B9C55F,1,,Filtr powietrza Filtron AP 185/1,5904608011855,2,AP 185/1,Filtr powietrza,"11,02"
Filtr powietrza B24033PR AP187/1,IC-A90042,1,,Filtr powietrza B2P027PR AP 080/8,IC-AEF65B,1,AP 080/8,Filtr powietrza,"11,01"
Filtr powietrza B2W009PR AR 265,IC-AA017E,1,,Filtr powietrza B2R040PR AP 135/2,IC-AA1EF6,1,AP 135/2,Filtr powietrza,"10,96"
Filtr powietrza Filtron AP 182/7,5904608081827,1,,Zestaw naprawczy zacisku D4-083,8430320017280,2,D4-083,Zestaw naprawczy zacisku hamulcowego,"10,9"
Filtr powietrza Filtron AR 234/3,5904608042347,1,,Filtr powietrza B2F069PR AP 022/2,IC-B9C64A,1,AP 022/2,Filtr powietrza,"10,83"
Filtr powietrza B2G070PR AK 372/1,IC-BDC016,1,,Filtr kabinowy B4W024CPR,IC-D0B3AB,1,B4W024CPR,Filtr kabiny,"10,81"
Filtr powietrza B28029PR,IC-A8FDFA,2,,Filtr paliwa FILTRON PM 815/4,5904608058157,1,PM 815/4,Filtr paliwa,"10,8"
Filtr powietrza B2F070PR AR 316/1,,1,,Filtr powietrza B2R048PR AP 185/2,IC-B9C580,1,AP 185/2,Filtr powietrza,"10,79"
Filtr powietrza Purflux A1096,3286061841791,1,,Filtr kabinowy B4C011PR K1128,IC-BA109B,1,K 1128,Filtr kabiny,"10,77"
Filtr powietrza B24033PR AP187/1,IC-A90042,1,,Filtr kabinowy Filtron K1014,5904608010148,1,K 1014,Filtr kabiny,"10,75"
Filtr powietrza Filtron AP 195,5904608001955,1,,Filtr oleju Filtron OE 640/2,5904608026408,1,OE 640/2,Filtr oleju,"10,74"
Filtr powietrza B28038PR Ap 190/9,IC-B8B667,1,,Filtr oleju Filtron OP 616/2,5904608026163,1,OP 616/2,Filtr oleju,"10,68"
Filtr powietrza B28025PR,IC-A9006C,1,,Filtr powietrza B25049PR AP 181,IC-A90036,1,AP 181,Filtr powietrza,"10,67"
Filtr powietrza B2R048PR AP 185/2,IC-B9C580,1,,PX C446,3286061813651,1,PX C446,Filtr paliwa,"10,66"
Filtr powietrza Filtron AP 184,5904608001849,1,,Filtr kabinowy B45007PR,IC-AA00E6,1,B45007PR,Filtr kabiny,"10,64"
Filtr powietrza Filtron AR 215,5904608002150,1,,Filtr kabinowy B4W005PR K1004,IC-A9FCEA,1,K 1004,Filtr kabiny,"10,63"
Filtr powietrza B2S001PR AP 189,IC-A9EAE2,1,,Filtr oleju Filtron OP 525/3,5904608035257,1,OP 525/3,Filtr oleju,"10,62"
Filtr powietrza Filtron AR 257/3,5904608032577,1,,Zestaw naprawczy zacisku D4-576,8430320045795,2,D4-576,Zestaw naprawczy zacisku hamulcowego,"10,51"
Filtr powietrza B2R009PR AR275,IC-A9EADF,1,,Filtr oleju Filtron OE 685/4,5904608056856,1,OE 685/4,Filtr oleju,"10,5"
Filtr powietrza B2F039PR AR 234/2,IC-AEF6E9,2,,Filtr powietrza B2F072PR Ap 092/8,IC-C3E2AB,2,AP 092/8,Filtr powietrza,"10,48"
Filtr powietrza B2D000PR,IC-BA175C,1,,Filtr oleju Filtron OE 649/5,5904608066497,1,OE 649/5,Filtr oleju,"10,42"
Filtr powietrza B2F073PR,,1,,Filtr powietrza B2W019PR AR201,IC-A9FD53,1,AR 201,Filtr powietrza,"10,35"
Filtr powietrza Filtron AR 327/2,5904608033277,1,,Filtr kabinowy Filtron K1323,5904608803238,1,K 1323,Filtr kabiny,"10,34"
Filtr powietrza Filtron AR 255,5904608002556,1,,Filtr powietrza B2F073PR,,1,B2F073PR,Filtr powietrza,"10,31"
Filtr powietrza Filtron AR 232/1,5904608012326,1,,Zestaw naprawczy zacisku D4-468,8430320039848,1,D4-468,Zestaw naprawczy zacisku hamulcowego,"10,31"
Filtr powietrza Filtron AR 316/1,5904608023162,1,,Filtr powietrza B24065PR AP 106/3,IC-AA0DB5,1,AP 106/3,Filtr powietrza,"10,26"
Filtr powietrza B2W062PR,IC-C57EFA,1,,Filtr oleju Filtron OP 643/5,5904608066435,2,OP 643/5,Filtr oleju,"10,2"
Filtr powietrza FILTRON AK 317,5904608003171,1,,Filtr powietrza Filtron AP 130/3,5904608041302,2,AP 130/3,Filtr powietrza,"10,19"
Filtr powietrza Filtron AK 362,5904608003621,1,,Filtr powietrza B2X058PR Ap 072/1,IC-B46EFE,1,AP 072/1,Filtr powietrza,"10,13"
Filtr powietrza B2R021PR AR349,IC-AA0F21,1,,Filtr oleju filtron op 629/2,5904608036292,1,OP 629/2,Filtr oleju,"10,12"
Filtr powietrza B28013PR AK337,IC-A90098,1,,Filtr powietrza B2W016PR,IC-AA0DD1,1,B2W016PR,Filtr powietrza,"10,11"
Filtr powietrza B2M036PR AR 327/1,IC-A9C540,1,,Filtr paliwa FILTRON PS 921,5904608009210,1,PS 921,Filtr paliwa,"10,05"
Filtr powietrza Filtron AP 362/3,,1,,Filtr oleju Filtron OP 525/2,5904608025258,1,OP 525/2,Filtr oleju,"10,02"
Filtr powietrza B2G064PR AP 074/4,IC-BA7B4F,1,,Filtr powietrza B2P025PR AP 080/4,IC-AEF656,1,AP 080/4,Filtr powietrza,"9,99"
Filtr powietrza FILTRON AP057,5904608000576,1,,Filtr oleju OM 522/2,5904608025227,1,OM 522/2,Filtr oleju,"9,96"
Filtr powietrza FILTRON AP 042,5904608000422,1,,Filtr kabinowy B4X001PR K1002,IC-A9BFA8,2,K 1002,Filtr kabiny,"9,87"
Filtr powietrza FILTRON AP040,5904608000408,1,,LIN14.20.04,5907668206414,1,LIN14.20.04,Linka gazu,"9,85"
Filtr powietrza FILTRON AP 085/2,5904608030580,1,3,Filtr oleju Filtron OE 649/1,5904608016492,1,OE 649/1,Filtr oleju,"9,83"
Filtr powietrza B22102PR AP 178/1,IC-AA0E87,1,,Filtr kabinowy Filtron K 1083,5904608010834,1,K 1083,Filtr kabiny,"9,8"
Filtr powietrza B2W027PR,IC-AA0F23,1,,Filtr powietrza Filtron AP 182/7,5904608081827,1,AP 182/7,Filtr powietrza,"9,8"
Filtr powietrza B2W017PR Ap 157/2,IC-A9FCB7,1,,Filtr kabinowy B4F018PR K1122,IC-B46EB7,1,K 1122,Filtr kabiny,"9,78"
Filtr powietrza B22050PR AP 167,IC-A9013D,1,,Filtr kabinowy B4G008PR K1010,IC-AA0CEC,1,K 1010,Filtr kabiny,"9,78"
Filtr powietrza B2X049PR,IC-B9C0A7,1,,Filtr oleju filtron op 595/1,5904608025951,1,OP 595/1,Filtr oleju,"9,72"
Filtr powietrza Mann C29012,4011558019709,1,,Filtr kabinowy Filtron K1030,5904608010308,2,K 1030,Filtr kabiny,"9,68"
Filtr powietrza B2W016PR,IC-AA0DD1,1,,FIltr powietrza Filtron AP 160,5904608001603,1,AP 160,Filtr powietrza,"9,67"
Filtr powietrza B22108PR Ap 160/1,IC-AA0B83,2,,Filtr oleju filtron op 616/3,5904608046161,2,OP 616/3,Filtr oleju,"9,66"
Filtr powietrza B20505PR AP 177/1,IC-A94B07,1,,Filtr paliwa FILTRON PE815/2,5904608038159,2,PE 815/2,Filtr paliwa,"9,61"
Filtr powietrza Bosch F 026 400 114,4047024713055,1,,Filtr paliwa B30329PR,IC-A94B36,1,B30329PR,Filtr paliwa,"9,6"
Filtr powietrza B21029PR AP154,IC-A90065,2,,Filtr paliwa B3G011PR PP 865,IC-AA0B52,1,PP 865,Filtr paliwa,"9,58"
5,,,,Zestaw naprawczy zacisku D4-656,8430320053189,2,D4-656,Zestaw naprawczy zacisku hamulcowego,"9,56"
Filtr powietrza B2G041PR AP 156,IC-AEF6FE,1,,Filtr oleju Filtron OE 649/6,5904608076496,1,OE 649/6,Filtr oleju,"9,55"
Filtr powietrza B2C047PR AP 058/3,IC-BA709D,1,,Filtr paliwa B3W018PR PP 836/1,IC-AA0B25,1,PP 836/1,Filtr paliwa,"9,55"
Filtr powietrza B2W023PR AP 063/1,IC-AA0F1C,1,,Filtr paliwa FILTRON PP 841,5904608008411,1,PP 841,Filtr paliwa,"9,54"
Filtr powietrza B2F032PR AP 077,IC-AEF6E8,1,,Filtr oleju Filtron OP 543,5904608005434,1,OP 543,Filtr oleju,"9,53"
Filtr powietrza FILTRON AP074/4,5904608050748,1,,Filtr powietrza B2W023PR AP 063/1,IC-AA0F1C,1,AP 063/1,Filtr powietrza,"9,53"
Filtr powietrza B2G033PR,IC-AA017C,1,,Filtr powietrza B2W011PR AP 140,IC-A9EBDB,1,AP 140,Filtr powietrza,"9,52"
Filtr powietrza B2C049PR AP58/8,IC-C3E2A8,1,,Filtr paliwa Filtron PP 859,5904608008596,1,PP 859,Filtr paliwa,"9,51"
Filtr powietrza B20332PR AP 177/7,IC-AA0D8C,1,,Filtr oleju Filtron OE 672,5904608006721,1,OE 672,Filtr oleju,"9,49"
Filtr powietrza B2A015PR AP 179/2,IC-BA1705,1,,Filtr oleju Filtron OE 683,5904608006837,1,OE 683,Filtr oleju,"9,49"
FIltr powietrza Filtron AP 160,5904608001603,1,,Filtr paliwa B3P006PR PP831/1,IC-A9FD5B,1,PP 831/1,Filtr paliwa,"9,49"
Filtr powietrza B22090PR Ap 167/1,IC-A900A4,1,,Filtr powietrza Filtron AP 134/4,5904608051349,1,AP 134/4,Filtr powietrza,"9,49"
Filtr powietrza Filtron AP 160/1,5904608021601,1,,Filtr powietrza B21071PR AP 185/5,IC-AA0A3F,1,AP 185/5,Filtr powietrza,"9,47"
Filtr powietrza B22088PR AP 167/2,IC-A900BE,1,,Filtr paliwa Filtron PE 816/3,5904608048165,1,PE 816/3,Filtr paliwa,"9,41"
Filtr powietrza B2A011PR AP179/1,IC-B9C57D,1,,Filtr oleju Filtron OE 682/2,5904608036827,1,OE 682/2,Filtr oleju,"9,4"
Filtr powietrza B2W019PR AR201,IC-A9FD53,1,,Filtr kabinowy B4W018PR K1111,IC-AA06A1,1,K 1111,Filtr kabiny,"9,38"
Filtr paliwa MANN PP 974/1,4011558952105,1,,Filtr powietrza B2W012PR AP 060,IC-A9DE06,1,AP 060,Filtr powietrza,"9,36"
Filtr paliwa Filtron PS 980/2,5904608039804,1,,Filtr kabinowy filtron k 1087,5904608080875,1,K 1087,Filtr kabiny,"9,3"
Filtr paliwa B30326PR PP979/2,IC-A94B33,1,,Filtr oleju FIltron OE 674/6,5904608076748,1,OE 674/6,Filtr oleju,"9,3"
Filtr oleju Filtron OP 525/2,5904608025258,1,,Filtr oleju Filtron OP 532/2,5904608035325,2,OP 532/2,Filtr oleju,"9,28"
Filtr oleju OM 522/2,5904608025227,1,,Filtr kabinowy Filtron K1097,5904608080974,1,K 1097,Filtr kabiny,"9,26"
Filtr oleju Filtron OP 525/4,5904608055255,1,,Filtr oleju Filtron OE 649/7,5904608086495,2,OE 649/7,Filtr oleju,"9,19"
Filtr oleju Filtron OP 525/3,5904608035257,1,,Filtr oleju Filtron OP 544,5904608005441,1,OP 544,Filtr oleju,"9,16"
Filtr oleju Filtron OP 525,5904608005250,1,,Filtr oleju Filtron OC 602,5904608006028,1,OC 602,Filtr oleju,"9,15"
Filtr oleju Filtron OM 523,5904608005236,1,,Filtr kabinowy B4C006PR K1102,IC-AA069E,1,K 1102,Filtr kabiny,"9,12"
Filtr oleju Filtron OC 602,5904608006028,1,,Filtr oleju Filtron OP 628,5904608006288,1,OP 628,Filtr oleju,"9,09"
Filtr oleju Filtron OM 610,5904608006103,1,,Filtr oleju Filtron OE 667/1,5904608026675,2,OE 667/1,Filtr oleju,"9,08"
Filtr oleju Filtron OP 628,5904608006288,1,,Filtr powietrza B2D000PR,IC-BA175C,1,B2D000PR,Filtr powietrza,"9,06"
Filtr oleju Filtron OC 601,5904608006011,1,,Adriauto AD11.0178,IC-309625,1,AD11.0178,Linka sprzęgła,"9,05"
Filtr oleju Filtron OP 629,5904608006295,1,,Filtr powietrza B2R034PR AR 131/1,IC-AEF66B,1,AR 131/1,Filtr powietrza,"9,02"
Filtr oleju filtron op 629/2,5904608036292,1,,Filtr kabinowy B42013PR K1210,IC-AA0D7D,1,K 1210,Filtr kabiny,9
Filtr oleju Filtron OP 592/5,5904608065926,1,,Filtr powietrza Filtron AP 151/5,5904608061515,1,AP 151/5,Filtr powietrza,"8,96"
Filtr oleju Filtron OP 616,5904608006165,2,,Filtr powietrza B21066PR Ap124/1,IC-A9FCD1,1,AP 124/1,Filtr powietrza,"8,82"
Filtr oleju Filtron OE 640/1,5904608016409,1,,Filtr oleju Filtron OE 666/2,5904608036667,1,OE 666/2,Filtr oleju,"8,81"
Filtr oleju filtron op 616/3,5904608046161,2,,Filtr kabinowy B4P019CPR,IC-D098F6,1,B4P019CPR,Filtr kabiny,"8,8"
Filtr oleju Filtron OP 618,5904608006189,1,,Filtr powietrza Filtron AP 184,5904608001849,1,AP 184,Filtr powietrza,"8,79"
Filtr oleju Filtron OP 630,5904608006301,2,,Filtr oleju Filtron OE 640/6,5904608066404,1,OE 640/6,Filtr oleju,"8,77"
Filtr oleju filtron op 595/1,5904608025951,1,,Filtr powietrza B20014PR AP 082/5,IC-A94AB3,1,AP 082/5,Filtr powietrza,"8,74"
Filtr oleju Filtron OP 592/9,5904608105929,1,,Zestaw naprawczy zacisku D4-134,8430320017761,2,D4-134,Zestaw naprawczy zacisku hamulcowego,"8,66"
Filtr oleju Filtron OP 616/2,5904608026163,1,,Filtr powietrza B25031pr Ap 180,IC-A90046,1,AP 180,Filtr powietrza,"8,64"
Filtr oleju Filtron OE 640/2,5904608026408,1,,Filtr oleju Filtron OE 666/1,5904608026668,1,OE 666/1,Filtr oleju,"8,63"
Filtr paliwa FILTRON PS 822/2,PS 822/2,2,,Pasek wieloklinowy Conti 4 PK 665,4010858530105,1,4 PK 665,Pasek wielorowkowy,"8,62"
Filtr paliwa FILTRON PS 820 ,PS 820,3,,Filtr oleju Filtron OE 682,5904608006820,1,OE 682,Filtr oleju,"8,56"
Zawór filtra paliwa HP102 730,1274200000019,2,,Filtr powietrza Filtron AP 080,5904608000804,1,AP 080,Filtr powietrza,"8,56"
Filtr paliwa FILTRON PS 842,PS 842,1,,Filtr oleju Filtron OE 648/3,5904608046482,1,OE 648/3,Filtr oleju,"8,5"
Filtr paliwa IP000010 ,IC-C373A5,10,,Filtr oleju Filtron OE 662,5904608006622,1,OE 662,Filtr oleju,"8,47"
6,,,,Filtr oleju Filtron OM 523,5904608005236,1,OM 523,Filtr oleju,"8,47"
Zestaw naprawczy zacisku D4-003,8430320016481,2,,Filtr oleju Filtron OM 610,5904608006103,1,OM 610,Filtr oleju,"8,44"
Zestaw naprawczy zacisku Autofren D4612,8430320051574,2,,Filtr oleju Filtron OE 666,5904608006660,2,OE 666,Filtr oleju,"8,38"
Zestaw naprawczy zacisku D4-468,8430320039848,1,,Filtr oleju Filtron OE 649/4,5904608046499,2,OE 649/4,Filtr oleju,"8,36"
Zestaw naprawczy zacisku D4-538,8430320045955,2,,Filtr oleju Filtron OP 616,5904608006165,2,OP 616,Filtr oleju,"8,32"
Zestaw naprawczy zacisku ham. D4337,8430320032115,4,,Filtr oleju Filtron OE 649/2,5904608026491,1,OE 649/2,Filtr oleju,"8,31"
Zestaw naprawczy zacisku D4-083,8430320017280,2,,Filtr powietrza B2F055PR AR 232/2,IC-B9C55F,1,AR 232/2,Filtr powietrza,"8,3"
Zestaw naprawczy zacisku D4-073,8430320017181,2,,Filtr powietrza B2G051PR AP 074/3,IC-AA1EF2,1,AP 074/3,Filtr powietrza,"8,28"
Zestaw naprawczy zacisku D4-576,8430320045795,2,,Filtr powietrza Filtron Ap 074/3,5904608040749,1,AP 074/3,Filtr powietrza,"8,28"
Zestaw naprawczy zacisku D4-656,8430320053189,2,,Filtr paliwa Filtron PM 816/1,5904608018168,1,PM 816/1,Filtr paliwa,"8,13"
LIM3078 Pasta do hamulców,4100420030789,4,,Filtr oleju Filtron OP 557,5904608005571,1,OP 557,Filtr oleju,"8,1"
Zestaw naprawczy pompy ham. SC/CN D1542,8430320031026,1,,Filtr oleju Filtron OP 566/2,5904608075666,1,OP 566/2,Filtr oleju,"8,1"
Zestaw naprawczy zacisku D4-134,8430320017761,2,,Filtr powietrza B2C055PR,IC-D8029E,1,B2C055PR,Filtr powietrza,"7,96"
Świeca zapłonowa Bosch 0 242 229 699,3165143408797,4,,Filtr oleju Filtron OP 564/1,5904608025647,1,OP 564/1,Filtr oleju,"7,93"
Osram H15,4008321218391,1,,Filtr oleju Filtron OE 671,5904608006714,1,OE 671,Filtr oleju,"7,9"
Świeca zapłonowa NGK BKR5EYA,87295120873,8,,Filtr kabinowy B4X014PR,IC-A9BFAF,1,B4X014PR,Filtr kabiny,"7,89"
Świeca NGK ZFR6P-G,87295168936,6,,Filtr kabinowy B4R018PR K1089,IC-A9FFB4,1,K 1089,Filtr kabiny,"7,88"
Świeca zapłonowa NGK BKR6EYA-11,87295140734,3,,Filtr oleju Filtron OP 525,5904608005250,1,OP 525,Filtr oleju,"7,87"
Świeca zapłonowa NGK B8EA,87295121207,3,,Filtr paliwa FILTRON PP 840,5904608008404,1,PP 840,Filtr paliwa,"7,87"
Świeca zapłonowa NGK C7HSA,87295146293,2,,Filtr powietrza Filtron AP 082/1,5904608010827,1,AP 082/1,Filtr powietrza,"7,85"
Świeca zapłonowa NGK D7EA,87295179123,2,,Uszczelka pokrywy zaworów EL399570,4041248198513,1,EL399570,Uszczelka pokrywy zaworów,"7,83"
Świeca zapłonowa NGK BPR6ES,87295140086,2,,Filtr powietrza Filtron AP 134/2,5904608021342,1,AP 134/2,Filtr powietrza,"7,8"
Świeca zapłonowa NGK B8HS,87295155103,1,,Filtr powietrza B23054PR,IC-A8FDE9,1,B23054PR,Filtr powietrza,"7,72"
Świeca zapłonowa NGK BP7HS,87295151112,1,,Filtr powietrza B20006PR AP 082/4,IC-A94AAE,1,AP 082/4,Filtr powietrza,"7,7"
Świeca zapłonowa NGL BR7ES,87295151228,1,,Filtr oleju Filtron OP 534,5904608005342,1,OP 534,Filtr oleju,"7,66"
Świeca zapłonowa NGK BR9ES,87295157220,1,,Filtr oleju Filtron OP 642/2,5904608036421,1,OP 642/2,Filtr oleju,"7,66"
Świeca zapłonowa NGK DPR8EA-9,87295149294,1,,Filtr oleju Filtron OE 669,5904608006691,1,OE 669,Filtr oleju,"7,65"
Świeca zapłonowa NGK BR2-LM,87295157985,1,,Filtr oleju FILTRON OP 546,5904608005465,1,OP 546,Filtr oleju,"7,63"
Świeca zapłonowa NGK B7HS,87295151105,1,,Filtr kabinowy Filtron K1183,5904608801838,1,K 1183,Filtr kabiny,"7,6"
NGK V-LINE NR23,87295044834,1,,Filtr powietrza B2S001PR AP 189,IC-A9EAE2,1,AP 189,Filtr powietrza,"7,58"
NGK V-LINE NR2,87295022689,1,,Filtr oleju Filtron OP 537/2,5904608035370,1,OP 537/2,Filtr oleju,"7,53"
NGK V-LINE NR21,87295059326,4,,Filtr oleju Filtron OP 641,5904608006417,1,OP 641,Filtr oleju,"7,4"
NGK V-LINE NR20,87295043882,4,,Filtr oleju Filtron OE 648/5,5904608066480,2,OE 648/5,Filtr oleju,"7,38"
NGK V-LINE NR19,87295072653,4,,Filtr powietrza B25055PR,IC-A8FDF4,1,B25055PR,Filtr powietrza,"7,35"
NGK V-LINE NR18,87295039755,4,,Filtr paliwa Filtron PM 936,5904608009364,1,PM 936,Filtr paliwa,"7,32"
NGK V-LINE NR17,87295062371,4,,Filtr powietrza B2C030PR AP 080/7,IC-AEF6D8,1,AP 080/7,Filtr powietrza,"7,21"
NGK V-LINE NR16,87295047835,4,,Filtr oleju Filtron OP 629,5904608006295,1,OP 629,Filtr oleju,"7,19"
NGK V-LINE NR15,87295029411,4,,Filtr kabinowy B4W021PR K1313,IC-C6BA3D,1,K 1313,Filtr kabiny,"7,17"
NGK V-LINE NR14,87295064658,4,,Filtr kabinowy B4R003PR K1023,IC-AE7CF4,2,K 1023,Filtr kabiny,"7,16"
NGK V-LINE NR13,87295053393,8,,Filtr oleju Filtron oe 640/9,5904608106407,1,OE 640/9,Filtr oleju,"7,14"
NGK V-LINE NR12,87295061299,4,,Filtr oleju Filtron oe 685/2,5904608036858,1,OE 685/2,Filtr oleju,"7,11"
NGK V-LINE NR11,87295052822,4,,Filtr kabinowy B44017PR,IC-B3B3C5,1,B44017PR,Filtr kabiny,"7,08"
NGK V-LINE NR10,87295035771,4,,Filtr oleju Filtron OE 640/5,5904608056405,1,OE 640/5,Filtr oleju,"7,06"
NGK V-LINE NR9,87295031537,4,,Filtr oleju Filtron OE 640/3,5904608036407,1,OE 640/3,Filtr oleju,"7,02"
NGK V-LINE NR8,87295023648,4,,Filtr oleju Filtron OP 630,5904608006301,2,OP 630,Filtr oleju,"7,01"
NGK V-LINE NR7,87295011836,4,,Filtr oleju Filtron OP 532/1,5904608015327,3,OP 532/1,Filtr oleju,"6,95"
NGK V-LINE NR5,87295064665,4,,Filtr powietrza B24079PR,IC-D776DF,2,B24079PR,Filtr powietrza,"6,95"
NGK V-LINE NR4,87295056370,8,,Filtr powietrza FILTRON AP 133/2,5904608031334,1,AP 133/2,Filtr powietrza,"6,93"
NGK V-LINE NR3,87295045534,4,,Filtr oleju Filtron OP 643/4,5904608056436,1,OP 643/4,Filtr oleju,"6,92"
NGK V-LINE NR2,87295022689,4,,Filtr paliwa Filtron PM 858,5904608008589,2,PM 858,Filtr paliwa,"6,79"
NGK V-LINE NR1,87295028766,4,,Filtr kabinowy Filtron K 1093,5904608080936,1,K 1093,Filtr kabiny,"6,78"
7,,,,Filtr oleju Filtron OP 526,5904608045263,1,OP 526,Filtr oleju,"6,78"
Filtr oleju Filtron OP 569,5904608005694,1,,Filtr oleju Filtron OE 648/2,5904608026484,1,OE 648/2,Filtr oleju,"6,76"
Filtr oleju Filtron OP 539,5904608005397,2,,Filtr oleju Filtron OE 673,5904608006738,1,OE 673,Filtr oleju,"6,76"
Filtr oleju Filtron OP 526/5,5904608055262,2,,Filtr kabinowy B41018PR K1255,IC-AA0A95,1,K 1255,Filtr kabiny,"6,73"
Filtr oleju Filtron OP 532/1,5904608015327,3,,Filtr oleju Filtron OP 572,5904608005724,1,OP 572,Filtr oleju,"6,72"
Filtr oleju Filtron OP 526,5904608045263,1,,Filtr oleju Filtron OP 575,5904608005755,1,OP 575,Filtr oleju,"6,72"
Filtr oleju Filtron OP 574,5904608005748,1,,Filtr oleju Filtron OP 573,5904608005731,2,OP 573,Filtr oleju,"6,7"
Filtr oleju Filtron OP 526/6,5904608065261,1,,Filtr kabinowy B42006CPR,IC-AA0EEA,1,B42006CPR,Filtr kabiny,"6,68"
Filtr oleju Filtron OP 544,5904608005441,1,,Filtr powietrza AP 075,5904608000750,1,AP 075,Filtr powietrza,"6,6"
Filtr oleju Filtron OP 573,5904608005731,2,,Filtr kabinowy B4X003PR K1009,IC-A9FD60,1,K 1009,Filtr kabiny,"6,55"
Filtr oleju OP 541,5904608005410,1,,Filtr oleju Filtron OE 648/1,5904608016485,1,OE 648/1,Filtr oleju,"6,43"
Filtr oleju Filtron OP 557,5904608005571,1,,Filtr kabinowy Filtron K 1006,5904608010063,1,K 1006,Filtr kabiny,"6,39"
Filtr oleju Filtron OP 538,5904608005380,1,,Filtr oleju Filtron OE 640/4,5904608046406,2,OE 640/4,Filtr oleju,"6,39"
Filtr oleju Filtron OP 570,5904608005700,1,,Filtr oleju OE 650/1,5904608026507,3,OE 650/1,Filtr oleju,"6,39"
Filtr oleju Filtron OP 532/2,5904608035325,2,,Filtr kabinowy B40004PR,IC-A94ACE,1,B40004PR,Filtr kabiny,"6,38"
Filtr oleju Filtron OE 540/1,5904608015402,1,,Filtr powietrza Filtron AP 155,5904608001559,2,AP 155,Filtr powietrza,"6,38"
Filtr oleju Filtron OP 543,5904608005434,1,,Filtr oleju Filtron OE 670,5904608006707,1,OE 670,Filtr oleju,"6,36"
Filtr oleju Filtron OP 545,5904608005458,1,,Filtr oleju Filtron OE 674/2,5904608036742,2,OE 674/2,Filtr oleju,"6,34"
Filtr oleju Filtron OP 551,5904608005519,1,,Zestaw naprawczy zacisku D4-073,8430320017181,2,D4-073,Zestaw naprawczy zacisku hamulcowego,"6,34"
Filtr oleju FILTRON OP 546,5904608005465,1,,Filtr oleju Filtron OP 545/2,5904608025456,1,OP 545/2,Filtr oleju,"6,32"
Filtr oleju Filtron OP 546/1,5904608025463,1,,Filtr kabinowy B4R038PR,IC-E189FB,1,B4R038PR,Filtr kabiny,"6,31"
Filtr oleju Filtron OP 570/1,5904608025708,1,,Filtr oleju Filtron OP 545,5904608005458,1,OP 545,Filtr oleju,"6,1"
Filtr oleju Filtron OP 545/2,5904608025456,1,,Filtr kabinowy B4F020PR K1172,IC-B46F01,1,K 1172,Filtr kabiny,"6,08"
Filtr oleju Filtron OP 566/2,5904608075666,1,,Filtr kabinowy Filtron K1101,5904608081018,1,K 1101,Filtr kabiny,"6,02"
Filtr oleju Filtron OP 575,5904608005755,1,,Filtr kabinowy B4G013PR K1110,IC-B46ED1,1,K 1110,Filtr kabiny,"6,01"
Filtr oleju Filtron OE 537,5904608005373,2,,Filtr oleju Filtron OP 618,5904608006189,1,OP 618,Filtr oleju,"5,97"
Filtr oleju Filtron OP 564/1,5904608025647,1,,Świeca zapłonowa Bosch 0 242 229 699,3165143408797,4,242229699,Świeca zapłonowa,"5,9"
Filtr oleju Filtron OP 534,5904608005342,1,,Filtr pow. B23023PR,IC-AA00B7,1,B23023PR,Filtr powietrza,"5,81"
Filtr oleju Filtron OP 572,5904608005724,1,,Filtr powietrza Filtron AP 013,5904608000132,1,AP 013,Filtr powietrza,"5,72"
Filtr oleju Filtron OP 537/2,5904608035370,1,,Filtr powietrza B2G033PR,IC-AA017C,1,B2G033PR,Filtr powietrza,"5,67"
CERAM CB,5907439901029,2,,Filtr oleju Filtron OE 640/1,5904608016409,1,OE 640/1,Filtr oleju,"5,64"
CERAM CK,5907439901012,1,,Uszczelka pokrywy zaworów EL919497,4041248108086,2,EL919497,Uszczelka pokrywy zaworów,"5,59"
CERAM CM-2T,5907439901050,1,,Filtr kabinowy Filtron K1052,5904608010520,1,K 1052,Filtr kabiny,"5,58"
8,5904608005694,1,,Filtr powietrza B2R059PR,,1,B2R059PR,Filtr powietrza,"5,27"
8,,,,Filtr oleju Filtron OE 655,5904608006554,1,OE 655,Filtr oleju,"5,11"
NGK V-LINE NR24,87295030455,8,,Filtr powietrza B28029PR,IC-A8FDFA,2,B28029PR,Filtr powietrza,"5,1"
NGK V-LINE NR26,87295168950,8,,Filtr kabinowy B4A016PR,IC-C3E2C7,1,B4A016PR,Filtr kabiny,"5,04"
NGK V-LINE NR27,87295054611,4,,Filtr oleju Filtron OP 570/1,5904608025708,1,OP 570/1,Filtr oleju,5
NGK V-LINE NR29,87295063422,4,,Filtr kabinowy B4F023PR K1228,IC-C3E2CF,1,K 1228,Filtr kabiny,"4,97"
NGK V-LINE NR31,87295063446,4,,Filtr powietrza B2W061PR,IC-C3E2B8,1,B2W061PR,Filtr powietrza,"4,67"
NGK V-LINE NR32,87295063453,4,,Filtr kabinowy B4A000PR,IC-AE8101,1,B4A000PR,Filtr kabiny,"4,63"
NGK V-LINE NR33,87295016626,4,,Filtr oleju Filtron OP 551,5904608005519,1,OP 551,Filtr oleju,"4,34"
NGK V-LINE NR35,87295016671,4,,Filtr oleju Filtron OP 570,5904608005700,1,OP 570,Filtr oleju,"4,24"
NGK V-LINE NR39,87295057766,4,,Filtr kabinowy B4G022PR K1251,IC-C3E2D0,1,K 1251,Filtr kabiny,"4,23"
NGK V-line NR40,87295817636,6,,Filtr powietrza B2R060PR,IC-C3E2B3,1,B2R060PR,Filtr powietrza,"4,23"
NGK V-LINE NR41,,4,,Uszczelka pokrywy zaworów EL332130,4041248189764,1,EL332130,Uszczelka pokrywy zaworów,"4,13"
NGK V-line NR42,87295874721,4,,Filtr kabinowy B4F007PR,IC-AEF5DB,1,B4F007PR,Filtr kabiny,"4,03"
NGK V-line NR45,87295864630,4,,Świeca zapłonowa Bosch 0 242 240 593,3165143134443,1,242240593,Świeca zapłonowa,"3,72"
NGK V-line NR46,87295822975,4,,Uszczelka pokrywy zaw. EL591076,4041248037065,1,EL591076,Uszczelka pokrywy zaworów,"3,66"
NGK V-line NR48,87295868157,4,,Filtr powietrza Filtron AR 215,5904608002150,1,AR 215,Filtr powietrza,"3,4"
NGK V-line NR53,8795843017,4,,Poduszka stabilizatora J70002AD,5900427877276,2,J70002AD,Poduszka stabilizatora,"2,91"
Świeca zapłonowa Denso K16TT,42511460348,4,,Zestaw naprawczy zacisku D4-003,8430320016481,2,D4-003,Zestaw naprawczy zacisku hamulcowego,"2,79"
Świeca zapłonowa NGK DCPR7EN-10,87295149836,4,,Poduszka stabilizatora J70002D,5900427126169,3,J70002D,Poduszka stabilizatora,"2,53"
Świeca zapłonowa Bosch 0 242 236 560-7A0,4047024115514,4,,Filtr paliwa FILTRON PS 822/2,PS 822/2,2,PS 822/2,Filtr paliwa,"2,41"
Świeca zapłonowa NGK DPR8EA-9,87295149294,3,,Filtr paliwa FILTRON PS 842,PS 842,1,PS 842,Filtr paliwa,"1,53"
Świeca zapłonowa Bosch 0 242 240 593,3165143134443,1,,,,,,,
Świeca zapłonowa NGK BPR6ES,87295178225,1,,,,,,,
Świeca zapłonowa NGK BKUR5ET-10,87295175538,4,,,,,,,
Świeca żarowa D-power nr4,87295156056,4,,,,,,,
Świeca zapłonowa NGK BKR5ES,87295124604,1,,,,,,,
Świeca zapłonowa Bosch 0 242 235 758,3165143505250,4,,,,,,,
9,,,,,,,,,
Wentyl 4max 4806-20-0413P,IC-B76FFB,97,,,,,,,
Poduszka skrzyni biegów FZ90379,IC-B44D2C,1,,,,,,,
Uszczelka pokrywy zaw. EL591076,4041248037065,1,,,,,,,
Uszczelka pokrywy zaworów EL332130,4041248189764,1,,,,,,,
Linka ham. Linex 14.20.01,14.20.01,1,,,,,,,
Uszczelka pokrywy zaworów EL399570,4041248198513,1,,,,,,,
Linka ham. Linex 14.20.02,14.20.02,1,,,,,,,
Uszczelka pokrywy zaw. EL717480,4041248487181,1,,,,,,,
Uszczelka pokrywy zaworów EL919497,4041248108086,2,,,,,,,
Uszczelka pokrywy zaw. EL068190,4041248147955,1,,,,,,,
Uszczelka pokrywy zaw. EL505060,4041248424315,1,,,,,,,
Uszczelka kolektora EL480650,4041248511893,2,,,,,,,
Pasek antystatyczny MMT O176 PA100,5901225422736,2,,,,,,,
Uszczelka Bosal 256-705,3351642567053,1,,,,,,,
Uszczelka tłumika Bosal 256-054,3351642560542,1,,,,,,,
Uszczelka tłumika Bosal 256-087,3351642560870,1,,,,,,,
Kierunkowskaz Depo 661-1406N-UE,661-1406N-UE,1,,,,,,,
Kierunkowskaz Depo 215-1424N-UE,215-1424N-UE,2,,,,,,,
Oprawka Hella 12 26 084,IC-598071,1,,,,,,,
Lampa kierunkowskazu Depo 442-1403N-UE,442-1403N-UE,1,,,,,,,
Poduszka stabilizatora J70002D,5900427126169,3,,,,,,,
Poduszka stabilizatora J70002AD,5900427877276,2,,,,,,,
LIN14.20.04,5907668206414,1,,,,,,,
Linka ham. ręcznego Linex 14.01.03,14.01.03,1,,,,,,,
Tuleja wahacza Tedgum 00213189,5908229910375,4,,,,,,,
Poduszka silnika FZ90358,IC-B4173A,1,,,,,,,
Osłona przegubu Impregom 27438,8033989080543,1,,,,,,,
Klucz do świec TOPTUL 21mm CTFB2135,5900427602618,1,,,,,,,
Poduszka skrzyni biegów IMP26046,8033989068350,1,,,,,,,
10,,,,,,,,,
Wycieraczki Valeo VAL577845,3276425778450,1,,,,,,,
Sprężyna gazowa MM GS0100 430719010000,8001063455396,2,,,,,,,
Sprężyna gazowa MM GS0080 430719008000,1063455198,2,,,,,,,
Sprężyna gazowa Krosno KR23115,5907446222063,1,,,,,,,
Sprężyna gazowa Krosno KR21678,5907446226320,2,,,,,,,
Adriauto AD11.0178,IC-309625,1,,,,,,,
HP302 763 Dystans,9532310000018,1,,,,,,,
Wieszak t?umika Bosal 255-079,3351642550796,2,,,,,,,
Pokrowiec kierownicy MMT CP10061,5902596581244,3,,,,,,,
Uszczelka głowicy Elring EL710.251,4041248119112,2,,,,,,,
Uszczelka głowicy Elring EL144.470,4041248010976,1,,,,,,,
Uszczelka pokrywy Elring EL136.271,4041248567135,1,,,,,,,
Linka hol. MMT A155 002,5900744092222,1,,,,,,,
Pasek klinowy Conti 10x613,4010858780319,1,,,,,,,
Pasek klinowy Conti 10x800,4010858780074,1,,,,,,,
Pasek klinowy Conti 10x913,4010858780166,2,,,,,,,
Pasek klinowy Conti 10 x 735,4010858780050,1,,,,,,,
Pasek wieloklinowy Conti 4 PK 665,4010858530105,1,,,,,,,
Pasek klinowy Conti 10 x 710,4010858878849,1,,,,,,,
Pasek wieloklinowy Conti 4PK950,4010858478575,1,,,,,,,
11,,,,,,,,,
Wahacz Febi FE15952,4027816159520,1,,,,,,,
Wahacz Magneti ARM001 301181300100,8001063172866,1,,,,,,,
Wahacz Magneti ARM002 301181300200,8001063172873,1,,,,,,,
Łańcuchy antypoślizgowe E9/90,8429296990000,1,,,,,,,
Szczęki ham. LPR00890,8032532037133,1,,,,,,,
Szczęki ham. LPR08770,8032532063750,1,,,,,,,
CHAINLUBE ROADP C2+ 400ml,3374650005218,1,,,,,,,
MA 20-A10 Smar miedziany spray 400ml,,2,,,,,,,
MA 20-A04 Środek do styków 250ml,5905694012207,1,,,,,,,
GREASEN GRAFIT 800G Orlen Smar grafitowy,5901001777654,1,,,,,,,
12,,,,,,,,,
Filtr powietrza B28030PR AP 130/9,IC-A8FDFB,2,,,,,,,
Filtr powietrza B2F059PR AP 092/7,IC-B46ECE,1,,,,,,,
Filtr powietrza FILTRON AP092/9,5904608100924,1,,,,,,,
Filtr powietrza B2G029PR,IC-AA1EF1,1,,,,,,,
Filtr powietrza PURFLUX A1143,3286064000270,1,,,,,,,
Filtr powietrza Filtron AP 130/3,5904608041302,2,,,,,,,
Filtr powietrza B2C021PR AP 130/7,IC-AEF6DA,2,,,,,,,
Filtr powietrza Filtron AP 107/2,5904608031075,2,,,,,,,
Filtr powietrza b2c025PR,IC-C57EFE,1,,,,,,,
Filtr powietrza B2R018PR AP 134/1,IC-BA87CB,1,,,,,,,
Filtr powietrza B24053PR AP 102/3,IC-A8FDED,1,,,,,,,
Filtr powietrza B2R024PR AP132,IC-A9C559,1,,,,,,,
Filtr powietrza Filtron AP 113/3,5904608041135,1,,,,,,,
Filtr powietrza Filtron AP 118/1,5904608011183,1,,,,,,,
Filtr powietrza FILTRON AP130/10,5904608111302,1,,,,,,,
Filtr powietrza B2P012PR,IC-A9C547,1,,,,,,,
Filtr powietrza B24079PR,IC-D776DF,2,,,,,,,
Filtr powietrza B24058PR AP 104/7,IC-A8FDF1,1,,,,,,,
Filtr powietrza B23045PR AP111/1,IC-A900D8,2,,,,,,,
Filtr powietrza B28038PR Ap 190/9,IC-B8B667,1,,,,,,,
Filtr powietrza B24055PR AP 104/4,IC-A8FDEF,1,,,,,,,
Filtr powietrza B23054PR,IC-A8FDE9,1,,,,,,,
Filtr powietrza B20529PR AP 107/7,IC-B3B3A7,1,,,,,,,
Filtr powietrza Filtron AP 122/8,5904608091222,1,,,,,,,
Filtr powietrza FILTRON AP130/2,5904608031303,1,,,,,,,
Filtr pow. B23023PR,IC-AA00B7,1,,,,,,,
Filtr powietrza B21066PR Ap124/1,IC-A9FCD1,1,,,,,,,
Filtr powietrza FILTRON AP092/5,5904608060921,1,,,,,,,
Filtr powietrza B2F057PR Ap 091/4,IC-A9FFB8,1,,,,,,,
Filtr powietrza B20514PR Ap107/1,IC-A94B0F,1,,,,,,,
Filtr powietrza Filtron Ap 122/9,5904608101228,1,,,,,,,
Filtr powietrza B25061PR AP 120/4,IC-AA0A5C,1,,,,,,,
Filtr powietrza B20318PR AP108/2,IC-A94AF6,1,,,,,,,
Filtr powietrza B20327PR Ap 108/9,IC-A94AFF,1,,,,,,,
Filtr powietrza FILTRON AP 129,5904608001290,1,,,,,,,
Filtr powietrza B2C030PR AP 080/7,IC-AEF6D8,1,,,,,,,
Filtr powietrza B24065PR AP 106/3,IC-AA0DB5,1,,,,,,,
Filtr powietrza B24057PR AP104/6,IC-AA005C,1,,,,,,,
Filtr powietrza B24072PR,IC-B3B3B7,1,,,,,,,
Filtr powietrza FILTRON AP 133/2,5904608031334,1,,,,,,,
Filtr powietrza B2C047PR AP 058/3,IC-BA709D,1,,,,,,,
Filtr powietrza FILTRON AP 085/2,5904608030580,1,,,,,,,
Filtr powietrza FILTRON AP020/2,5904608030207,1,,,,,,,
Filtr powietrza Filtron AP 003/5,5904608060037,1,,,,,,,
Filtr powietrza Filtron AP 003/3,5904608040039,1,,,,,,,
Filtr powietrza B2F056PR Ap 022/1,IC-B46EC3,1,,,,,,,
Filtr powietrza B2M042PR AP 010,IC-A9D652,1,,,,,,,
Filtr powietrza B2M070PR AP 034/2,IC-BA1E97,1,,,,,,,
Filtr powietrza Filtron AP 011,5904608000118,1,,,,,,,
Filtr powietrza B2B000PR Ap 026,IC-AA042C,1,,,,,,,
Filtr powietrza Filtron AP 026,5904608000262,1,,,,,,,
Filtr powietrza B2F028PR,IC-AA0C5F,1,,,,,,,
Filtr powietrza Filtron AP 035/2,5904608030351,1,,,,,,,
Filtr powietrza B2F069PR AP 022/2,IC-B9C64A,1,,,,,,,
Filtr powietrza FILTRON AP002,5904608000026,1,,,,,,,
Filtr powietrza Filtron AP 013,5904608000132,1,,,,,,,
Filtr powietrza FILTRON AP003,5904608000033,1,,,,,,,
13,,,,,,,,,
Amortyzator Magnum AHF016MT,,2,,,,,,,
Filtr powietrza FILTRON AP005,5904608000057,1,,,,,,,
Filtr powietrza Filtron AP 003/5,5904608060037,1,,,,,,,
Filtr powietrza FILTRON AP006,5904608000064,1,,,,,,,
Filtr paliwa B3W016PR PP 839,IC-A9FCBA,2,,,,,,,
Filtr paliwa B3G024PR,IC-A9FFB5,1,,,,,,,
Filtr paliwa Bosch 1 457 434 293,4047023566072,1,,,,,,,
Filtr paliwa B3P006PR PP831/1,IC-A9FD5B,1,,,,,,,
Filtr paliwa Filtron PP 836/4,5904608058362,1,,,,,,,
Filtr paliwa FILTRON PP 836/3,5904608048363,1,,,,,,,
Filtr paliwa B3G005PR PP 865/2,IC-A9C494,1,,,,,,,
Filtr paliwa B3G011PR PP 865,IC-AA0B52,1,,,,,,,
Filtr paliwa Filtron PP 837,5904608008374,1,,,,,,,
Filtr paliwa Filtron PP 859,5904608008596,1,,,,,,,
Filtr kabinowy B42001PR K1134-2x,IC-A9010E,1,,,,,,,
KNECHT LAK73/S,4009026504895,1,,,,,,,
Filtr kabinowy B4F018PR K1122,IC-B46EB7,1,,,,,,,
Filtr kabinowy B40307PR,IC-A94B5D,1,,,,,,,
14,,,,,,,,,
Filtr powietrza Filtron AP 074,5904608000743,1,,,,,,,
Filtr powietrza Filtron Ap 074/3,5904608040749,1,,,,,,,
Filtr powietrza B2F072PR Ap 092/8,IC-C3E2AB,2,,,,,,,
Filtr powietrza Filtron AP 091/4,5904608050915,1,,,,,,,
Filtr kabinowy B4C009PR K1107,IC-AA069F,1,,,,,,,
Filtr kabinowy B4G013PR K1110,IC-B46ED1,1,,,,,,,
Filtr kabinowy B4X014PR,IC-A9BFAF,1,,,,,,,
Filtr kabinowy B4A014CPR K1078A,IC-B4D0A4,1,,,,,,,
Filtr kabinowy B4R018CPR K1089A,IC-B8B4A0,1,,,,,,,
Filtr kabinowy B4R018PR K1089,IC-A9FFB4,1,,,,,,,
Filtr kabinowy filtron k 1087,5904608080875,1,,,,,,,
Filtr kabinowy Filtron K 1083,5904608010834,1,,,,,,,
Filtr kabinowy B4W018PR K1111,IC-AA06A1,1,,,,,,,
Filtr pow. kabinowy Filtron K 1108,5904608081087,1,,,,,,,
Filtr kabinowy B4D005PR-2X,IC-CFE33E,1,,,,,,,
Filtr kabinowy B4C006PR K1102,IC-AA069E,1,,,,,,,
Filtr kabinowy B4V005PR K1115,IC-AA06A2,2,,,,,,,
Filtr.pow. Knecht K1115,4009026507629,1,,,,,,,
Filtr kabinowy B44008PR,IC-A8FE13,1,,,,,,,
Filtr kabinowy B40305PR K1232,IC-A94B5B,1,,,,,,,
Filtr kabinowy B4F018PR K1122,IC-B46EB7,1,,,,,,,
Filtr kabinowy B4F013CPR K1103A,IC-B46EC7,1,,,,,,,
Filtr kabinowy B4G022PR K1251,IC-C3E2D0,1,,,,,,,
Fltr kabinowy B40006PR K1166,IC-A94AD0,1,,,,,,,
Filtr kabinowy B41018PR K1255,IC-AA0A95,1,,,,,,,
Filtr kabinowy Filtron K1101,5904608081018,1,,,,,,,
Filtr kabinowy B40501PR K1149,IC-A94B60,1,,,,,,,
filtr kabinowy b43002pr K1112-2x,IC-A9013C,1,,,,,,,
Filtr powietrza B2X058PR Ap 072/1,IC-B46EFE,1,,,,,,,
Filtr powietrza B2P027PR AP 080/8,IC-AEF65B,1,,,,,,,
Filtr powietrza Filtron AP 082,5904608000828,1,,,,,,,
Filtr powietrza Filtron AP 082/2,5904608020826,1,,,,,,,
Filtr powietrza Filtron AP 082/1,5904608010827,1,,,,,,,
Filtr powietrza B2W023PR AP 063/1,IC-AA0F1C,2,,,,,,,
Filtr powietrza Filtron AP 078/2,5904608030788,1,,,,,,,
Filtr kabinowy B4W007PR K1037,IC-A9FCEC,1,,,,,,,
Filtr powietrza B2P025PR AP 080/4,IC-AEF656,1,,,,,,,
Filtr kabinowy B4R029PR-2X K1248-2X,IC-C3E2D5,2,,,,,,,
15,,,,,,,,,
Filtr kabinowy B4M019PR K1146,IC-BA119F,1,,,,,,,
Filtr powietrza B2W010PR AP 063,IC-A9DE05,1,,,,,,,
Filtr kabinowy B4G000PR K1008,IC-A9C475,1,,,,,,,
Filtr powietrza Filtron AP 089,5904608000897,1,,,,,,,
Filtr kabinowy B4B002CPR K1136A,IC-BDC005,1,,,,,,,
Filtr kabinowy B4M010PR K1065,IC-AA0645,1,,,,,,,
Filtr kabinowy B4W006PR K1024,IC-A9FCEB,1,,,,,,,
Filtr kabinowy B4W005PR K1004,IC-A9FCEA,1,,,,,,,
Filtr kabinowy Filtron K 1006,5904608010063,1,,,,,,,
Filtr kabinowy B4G008PR K1010,IC-AA0CEC,1,,,,,,,
Filtr kabinowy B4X003PR K1009,IC-A9FD60,1,,,,,,,
Filtr powietrza B2P012PR Ap 021,IC-A9C547,1,,,,,,,
Filtr powietrza B2F036PR AP091,IC-A9C489,1,,,,,,,
Filtr powietrza B2C044PR AP 090/4,IC-BA1D51,1,,,,,,,
Filtr powietrza B2G051PR AP 074/3,IC-AA1EF2,1,,,,,,,
Filtr powietrza B2G064PR AP 074/4,IC-BA7B4F,1,,,,,,,
Filtr kabinowy Filtron K1262-2x,5904608802620,1,,,,,,,
Filtr powietrza B20006PR AP 082/4,IC-A94AAE,1,,,,,,,
Filtr powietrza B20014PR AP 082/5,IC-A94AB3,1,,,,,,,
Filtr powietrza B2X020PR AP071,IC-A9FD56,1,,,,,,,
Filtr powietrza FILTRON AP 051/5,5904608060518,2,,,,,,,
Filtr powietrza B2F002PR,IC-AEF6EA,1,,,,,,,
Filtr powietrza B2G024PR,IC-AA017A,1,,,,,,,
Filtr powietrza B2W012PR AP 060,IC-A9DE06,1,,,,,,,
Filtr powietrza FILTRON AP071,5904608000712,1,,,,,,,
Filtr kabinowy Filtron K1052,5904608010520,1,,,,,,,
Filtr kabinowy B4F007PR,IC-AEF5DB,1,,,,,,,
Filtr pow. kabinowy Knecht LA39,4009026069424,1,,,,,,,
Filtr powietrza B2F032PR AP 077,IC-AEF6E8,1,,,,,,,
Filtr powietrza FILTRON AP076,5904608000767,2,,,,,,,
Filtr powietrza B2F031PR AP076,IC-A9C7B7,1,,,,,,,
Filtr powietrza Filtron AP 080,5904608000804,1,,,,,,,
16,,,,,,,,,
Filtr kabinowy Filtron K1055,5904608010551,1,,,,,,,
Filtr kabinowy B4A015PR K1118A,IC-AA0D89,1,2,,,,,,
Filtr powietrza B20028PR AP 051/8,IC-BDBFF6,1,,,,,,,
Filtr powietrza FILTRON AP051/6,5904608070517,1,,,,,,,
Filtr powietrza Filtron AP 051/4,5904608050519,3,,,,,,,
Filtr powietrza B2P027PR AP 080/8,IC-AEF65B,1,,,,,,,
Filtr powietrza B20004PR AP 082/2,IC-A94AAC,1,,,,,,,
Filtr powietrza Filtron AP 080/9,5904608100801,1,,,,,,,
Filtr kabinowy B4R027PR K1167,IC-AA06F6,1,,,,,,,
Filtr kabinowy Filtron K1183,5904608801838,1,,,,,,,
Filtr kabinowy B40004PR,IC-A94ACE,1,,,,,,,
Filtr kabinowy B4R038PR,IC-E189FB,1,,,,,,,
Filtr kabinowy B4G018PR K1154,IC-B46EE3,1,,,,,,,
Filtr kabinowy B4V002PR K1117,IC-A9FC93,1,,,,,,,
Filtr kabinowy B42006CPR,IC-AA0EEA,1,,,,,,,
Filtr kabinowy B4F018PR K1122,IC-B46EB7,1,,,,,,,
Filtr kabinowy B4X023PR K1121,IC-BDC004,1,,,,,,,
Filtr pow. kabinowy Filtron K 1127,5904608081278,1,,,,,,,
Filtr powietrza AP 075,5904608000750,1,,,,,,,
Filtr powietrza FILTRON AP074/5,5904608060747,1,,,,,,,
Filtr powietrza B2F032PR AP 077,IC-AEF6E8,1,,,,,,,
Filtr powietrza B2G063PR Ap 074/6,IC-B46EE7,1,,,,,,,
Filtr kabinowy B4P019CPR,IC-D098F6,1,,,,,,,
Filtr kabinowy B4F021PR K1209,IC-B46F22,1,,,,,,,
Filtr kabinowy B4X024CPR K1223A,IC-C3E2D8,1,,,,,,,
Filtr kabinowy B4F020PR K1172,IC-B46F01,1,,,,,,,
Filtr kabinowy B41002PR K1174,IC-A8FFE5,1,,,,,,,
Filtr kabinowy B42013PR K1210,IC-AA0D7D,1,,,,,,,
Filtr kabinowy B45007PR,IC-AA00E6,1,,,,,,,
Filtr kabinowy B40513PR K1250,IC-C730B3,1,,,,,,,
Filtr kabinowy B42011PR K1207,IC-A8FE0C,1,,,,,,,
Filtr kabinowy B4F023PR K1228,IC-C3E2CF,1,,,,,,,
Filtr powietrza B2G030PR AP 074,IC-AA017B,1,,,,,,,
17,,,,,,,,,
Filtr kabinowy B4P016CPR K1147A,IC-B4D534,1,,,,,,,
Filtr kabinowy B4A016PR,IC-C3E2C7,1,,,,,,,
Filtr kabinowy Filtron K1002,5904608010025,1,,,,,,,
Filtr kabinowy B4X001PR K1002,IC-A9BFA8,2,,,,,,,
Filtr kabinowy B4A000PR,IC-AE8101,1,,,,,,,
Filtr pow. kabinowy Filtron K 1045,5904608010452,1,,,,,,,
Filtr kabinowy Filtron K1051,5904608010513,1,,,,,,,
Filtr kabinowy Filtron K 1047A,5904608110473,1,,,,,,,
Filtr pow. kabinowy Filtron K 1127,5904608081278,1,,,,,,,
Filtr kabinowy B4V000PR K1126,IC-A9FC92,1,,,,,,,
Filtr pow. kabinowy Filtron K 1046,5904608010469,1,,,,,,,
Filtr kabinowy Filtron K1097,5904608080974,1,,,,,,,
Filtr powietrza B2W012PR AP060,IC-A900D4,1,,,,,,,
Filtr pow. kabinowy Filtron K 1095,5904608080950,1,,,,,,,
Filtr kabinowy Filtron K 1093,5904608080936,1,,,,,,,
Filtr kabinowy Filtron K 1022,5904608010223,1,,,,,,,
Filtr kabinowy Filtron K1014,5904608010148,1,,,,,,,
Filtr kabinowy Filtron K1030,5904608010308,2,,,,,,,
Filtr pow. kabinowy Filtron K 1027,5904608010278,1,,,,,,,
Filtr kabinowy B4R003PR K1023,IC-AE7CF4,2,,,,,,,
Filtr kabinowy B4D002CPR K1035A,C-AA05F3,1,,,,,,,
Filtr kabinowy B4A003PR K1032,IC-AEF60C,2,,,,,,,
Filtr kabinowy B4C011PR K1128,IC-BA109B,1,,,,,,,
LA167,4009026509166,1,,,,,,,
Filtr kabinowy B4M027CPR,IC-BA87D2,1,,,,,,,
Filtr kabinowy Filtron K1232,5904608802323,1,,,,,,,
Filtr kabinowy B4M028CPR-2x,IC-BE3A69,1,,,,,,,
Filtr kabinowy B40309PR K1245 K1277,IC-B2B07F,3,,,,,,,
Filtr kabinowy B4C014CPR K1247A,IC-C3E2CD,1,,,,,,,
Filtr kabinowy B4G020PR K1150,IC-B46EDA,1,,,,,,,
Filtr kabinowy B4G018PR K1154,IC-B46EE3,1,,,,,,,
Filtr kabinowy B44003PR,IC-A9017C,1,,,,,,,
Filtr kabinowy Filtron K1287,5904608802873,1,,,,,,,
Filtr kabinowy B4W024CPR,IC-D0B3AB,1,,,,,,,
Filtr kabinowy B44017PR,IC-B3B3C5,1,,,,,,,
Filtr kabinowy Filtron K1323,5904608803238,1,,,,,,,
Filtr kabinowy B4W021PR K1313,IC-C6BA3D,1,,,,,,,
18,,,,,,,,,
Castrol Magnatec SS A3/B4 5W30 1l,4008177155741,3,,,,,,,
Castrol Magnatec 5W40 C3 1l,4008177155581,1,,,,,,,
Castrol Magnatec SS A5 5W30 1l,4008177157264,1,,,,,,,
HELIX ULTRA ECT C3 1L,5011987047365,2,,,,,,,
HELIX ULTRA 5W40 1L,5011987062924,1,,,,,,,
HELIX HX7 10W40 1L,5011987860568,1,,,,,,,
EVO 700 STI 10W40 1L,3267025011177,3,,,,,,,
Mobil Extra 2T 1l,5055107456842,2,,,,,,,
Mobil 5W30 ESP 1l,5425037869454,1,,,,,,,
MOBIL 1 FS X1 5W50 1L,5425037864664,2,,,,,,,
M-SUP 2000 X1 10W40 1L,5055107435144,1,,,,,,,
Castrol EDGE 5W40 1l,4008177077289,1,,,,,,,
Total 5W30 INEO ECS 1l,3425901107622,2,,,,,,,
QUARTZ 9000 EN. 5W40 1L,3425901107592,1,,,,,,,
LHM PLUS 1L,3425901111070,1,,,,,,,
19,,,,,,,,,
PLAT CL.5W40 1L,5901001772840,2,,,,,,,
ORLEN OIL MIXOL S 1L,5901001766153,6,,,,,,,
Orlen HIPOL ATF II D 1L,5901001767044,1,,,,,,,
Shell Helix HX7 5W40 4l,5011987248748,1,,,,,,,
HELIX HX7 10W40 4L,5011987247932,1,,,,,,,
MOBIL 1 ESP 5W30 4L,5425037869522,2,,,,,,,
20,,,,,,,,,
MAGNATEC 5W30 A5 SS 4L,4008177157271,1,,,,,,,
MAGNATEC 5W40 C3 4L,4008177155598,1,,,,,,,
HELIX ULTRA 5W40 4L,5011987063419,1,,,,,,,
M-SUP 3000 X1 5W40 4L+1L,5407005864463,1,,,,,,,
MOBIL 1 FS X1 5W50 4L,5055107436141,1,,,,,,,
M-SUP 3000 XE1 5W30 4L,5407004032955,1,,,,,,,
QUARTZ INEO ECS 5W30 5L,3425901106939,1,,,,,,,
QUARTZ 9000 EN. 5W40 5L,3425901107035,1,,,,,,,
QUARTZ 7000 10W40 5L,3425900000344,1,,,,,,,
"PLAT CL.5W40 4,5L",5901001772857,1,,,,,,,
Castrol EDGE 5W40 4l,4008177077319,2,,,,,,,
EVO 900 NF 5W40 4L,3425901108957,1,,,,,,,
