NAZWA_TOWARU,KOD ,ILOSC,CENA DO ODKUPU PLN ZA 1 SZT.,IND_IC,NAZWA
Filtr kabinowy B4A015PR K1118A,IC-AA0D89,1,44.98,K 1118A,Filtr kabiny
Filtr powietrza FILTRON AP 085/2,5904608030580,1,42.75,AP 085/2,Filtr powietrza
Filtr paliwa FILTRON PP839/4,5904608048394,1,39.41,PP 839/4,Filtr paliwa
Filtr paliwa Filtron PP 848/2,5904608038487,1,37.73,PP 848/2,Filtr paliwa
Filtr kabinowy B4B002CPR K1136A,IC-BDC005,1,30.9,K 1136A,Filtr kabiny
Filtr paliwa Filtron PS 980/2,5904608039804,1,30.58,PS 980/2,Filtr paliwa
Filtr kabinowy B4A014CPR K1078A,IC-B4D0A4,1,30.4,K 1078A,Filtr kabiny
Filtr paliwa Bosch 1 457 434 437,3165143430712,1,27.75,1457434437,Filtr paliwa
Filtr powietrza B2F070PR AR 316/1,,1,26.53,AR 316/1,Filtr powietrza
Filtr powietrza Filtron AR 316/1,5904608023162,1,26.53,AR 316/1,Filtr powietrza
Filtr paliwa FILTRON PP 848/1,5904608018489,1,26.36,PP 848/1,Filtr paliwa
Filtr paliwa Filtron PP 960/1,5904608029607,1,25.81,PP 960/1,Filtr paliwa
Filtr powietrza Filtron AK 362,5904608003621,1,25.67,AK 362,Filtr powietrza
Filtr paliwa FILTRON PP 836/3,5904608048363,1,23.58,PP 836/3,Filtr paliwa
Filtr paliwa Filtron PP 836/4,5904608058362,1,23.43,PP 836/4,Filtr paliwa
Filtr paliwa Filtron PP 855,5904608008558,1,22.18,PP 855,Filtr paliwa
Filtr kabinowy B4X024CPR K1223A,IC-C3E2D8,1,22.03,K 1223A,Filtr kabiny
Filtr powietrza B2M070PR AP 034/2,IC-BA1E97,1,21.23,AP 034/2,Filtr powietrza
Filtr powietrza Filtron AP 035/2,5904608030351,1,20.54,AP 035/2,Filtr powietrza
Filtr powietrza B2W009PR AR 265,IC-AA017E,1,20.49,AR 265,Filtr powietrza
Filtr kabinowy B4C014CPR K1247A,IC-C3E2CD,1,19.31,K 1247A,Filtr kabiny
Filtr paliwa Filtron PP 979/4,5904608059796,1,19.19,PP 979/4,Filtr paliwa
Filtr paliwa Filtron PP 838/1,5904608018380,2,18.79,PP 838/1,Filtr paliwa
Filtr kabinowy B4F013CPR K1103A,IC-B46EC7,1,18.68,K 1103A,Filtr kabiny
Filtr kabinowy B4M019PR K1146,IC-BA119F,1,18.56,K 1146,Filtr kabiny
Filtr powietrza Filtron AR 327/2,5904608033277,1,18.54,AR 327/2,Filtr powietrza
Filtr paliwa FILTRON PP 850,5904608008503,1,17.99,PP 850,Filtr paliwa
Filtr paliwa B30326PR PP979/2,IC-A94B33,1,17.98,PP 979/2,Filtr paliwa
Filtr paliwa Filtron PP 850/2,5904608028501,1,17.89,PP 850/2,Filtr paliwa
Filtr kabinowy B4R018CPR K1089A,IC-B8B4A0,1,17.88,K 1089A,Filtr kabiny
Filtr powietrza B24053PR AP 102/3,IC-A8FDED,1,17.8,AP 102/3,Filtr powietrza
Filtr powietrza Bosch F 026 400 114,4047024713055,1,17.54,F 026 400 114,Filtr powietrza
Filtr paliwa Filtron PP 950,5904608009500,1,17.48,PP 950,Filtr paliwa
Filtr kabinowy Filtron K 1047A,5904608110473,1,17.36,K 1047A,Filtr kabiny
Filtr paliwa B3G031PR PE 816/5,IC-B9C0A1,2,17.31,PE 816/5,Filtr paliwa
Filtr paliwa Filtron PE 816/5,5904608068163,1,17.31,PE 816/5,Filtr paliwa
Filtr paliwa Filtron PE 973/2,5904608049735,1,17.04,PE 973/2,Filtr paliwa
Filtr paliwa Filtron PP 968,5904608009685,1,16.97,PP 968,Filtr paliwa
Filtr kabinowy B40501PR K1149,IC-A94B60,1,16.9,K 1149,Filtr kabiny
Filtr oleju Filtron OP 569,5904608005694,1,16.85,OP 569,Filtr oleju
Filtr powietrza B2V012PR AP 149,IC-AA1EF7,1,16.79,AP 149,Filtr powietrza
Filtr powietrza Filtron AP 089,5904608000897,1,16.76,AP 089,Filtr powietrza
Filtr oleju Filtron OP 526/5,5904608055262,2,16.74,OP 526/5,Filtr oleju
Filtr paliwa B3W006PR PP 839/1,IC-AA0D6C,1,16.69,PP 839/1,Filtr paliwa
Filtr paliwa FILTRON PP 839/1,5904608018397,1,16.69,PP 839/1,Filtr paliwa
Filtr powietrza B25061PR AP 120/4,IC-AA0A5C,1,16.61,AP 120/4,Filtr powietrza
Filtr powietrza B2G070PR AK 372/1,IC-BDC016,1,16.51,AK 372/1,Filtr powietrza
Filtr kabinowy B4V000PR K1126,IC-A9FC92,1,16.29,K 1126,Filtr kabiny
LA167,4009026509166,1,16.15,LA167,Filtr kabiny
Filtr powietrza B2A015PR AP 179/2,IC-BA1705,1,16.07,AP 179/2,Filtr powietrza
Filtr powietrza B22102PR AP 178/1,IC-AA0E87,1,15.89,AP 178/1,Filtr powietrza
Filtr kabinowy B4P016CPR K1147A,IC-B4D534,1,15.56,K 1147A,Filtr kabiny
Filtr powietrza B2W058PR AP 183/3,IC-BA7090,1,15.39,AP 183/3,Filtr powietrza
Filtr kabinowy B4V002PR K1117,IC-A9FC93,1,15.34,K 1117,Filtr kabiny
Filtr powietrza B21051PR AP 134/7,IC-AA0E85,1,15.34,AP 134/7,Filtr powietrza
Filtr kabinowy B4X023PR K1121,IC-BDC004,1,15.26,K 1121,Filtr kabiny
Filtr oleju Filtron OP 526/6,5904608065261,1,15.21,OP 526/6,Filtr oleju
Filtr powietrza Filtron Ap 122/9,5904608101228,1,15.12,AP 122/9,Filtr powietrza
Filtr paliwa B3G005PR PP 865/2,IC-A9C494,1,15.05,PP 865/2,Filtr paliwa
Filtr kabinowy B4M010PR K1065,IC-AA0645,1,15.01,K 1065,Filtr kabiny
Filtr powietrza B2W026PR AR 265/1,IC-AEF687,1,14.65,AR 265/1,Filtr powietrza
Filtr kabinowy B4W007PR K1037,IC-A9FCEC,1,14.54,K 1037,Filtr kabiny
Filtr oleju filtron OP 641/1,5904608026415,1,14.51,OP 641/1,Filtr oleju
Filtr paliwa Filtron PP 865/5,5904608068651,1,14.49,PP 865/5,Filtr paliwa
Filtr powietrza Filtron AP 051/4,5904608050519,3,14.46,AP 051/4,Filtr powietrza
Filtr powietrza Filtron AP 195,5904608001955,1,14.45,AP 195,Filtr powietrza
Filtr oleju Filtron OP 592/5,5904608065926,1,14.44,OP 592/5,Filtr oleju
Filtr kabinowy B40513PR K1250,IC-C730B3,1,14.37,K 1250,Filtr kabiny
Filtr paliwa B3W016PR PP 839,IC-A9FCBA,2,14.3,PP 839,Filtr paliwa
Filtr oleju Filtron OE 650,5904608006509,1,14.15,OE 650,Filtr oleju
Filtr kabinowy B42011PR K1207,IC-A8FE0C,1,14.08,K 1207,Filtr kabiny
Filtr powietrza FILTRON AP 051/5,5904608060518,2,14.07,AP 051/5,Filtr powietrza
Filtr kabinowy Filtron K1287,5904608802873,1,14.04,K 1287,Filtr kabiny
Filtr powietrza B20028PR AP 051/8,IC-BDBFF6,1,14.03,AP 051/8,Filtr powietrza
Filtr powietrza Filtron AP 003/3,5904608040039,1,13.98,AP 003/3,Filtr powietrza
Filtr powietrza Filtron AP 011,5904608000118,1,13.97,AP 011,Filtr powietrza
Filtr powietrza B2W030PR AP 149/3,IC-AA1FAC,1,13.87,AP 149/3,Filtr powietrza
Filtr oleju Filtron OP 574,5904608005748,1,13.86,OP 574,Filtr oleju
Filtr powietrza B2G064PR AP 074/4,IC-BA7B4F,1,13.84,AP 074/4,Filtr powietrza
Filtr powietrza B20529PR AP 107/7,IC-B3B3A7,1,13.75,AP 107/7,Filtr powietrza
Filtr powietrza B2S002PR AP 189/1,IC-AE7CE0,1,13.7,AP 189/1,Filtr powietrza
Filtr paliwa PE 815/5,5904608068156,1,13.68,PE 815/5,Filtr paliwa
Filtr kabinowy B4D002CPR K1035A,C-AA05F3,1,13.66,K 1035A,Filtr kabiny
Filtr kabinowy B41002PR K1174,IC-A8FFE5,1,13.52,K 1174,Filtr kabiny
Filtr powietrza B2C047PR AP 058/3,IC-BA709D,1,13.51,AP 058/3,Filtr powietrza
Filtr powietrza B2W062PR,IC-C57EFA,1,13.4,B2W062PR,Filtr powietrza
Filtr kabinowy B4V005PR K1115,IC-AA06A2,2,13.26,K 1115,Filtr kabiny
Filtr powietrza Filtron AP 139/1,5904608021397,1,13.23,AP 139/1,Filtr powietrza
Filtr powietrza Filtron AP 118/1,5904608011183,1,13.18,AP 118/1,Filtr powietrza
Filtr powietrza B2S006PR AP 149/4,IC-AA0F25,2,13.16,AP 149/4,Filtr powietrza
Filtr powietrza B22050PR AP 167,IC-A9013D,1,13.13,AP 167,Filtr powietrza
Uszczelka pokrywy zaw. EL717480,4041248487181,1,13.07,EL717480,Uszczelka pokrywy zawor�w
Filtr powietrza B2M036PR AR 327/1,IC-A9C540,1,13.04,AR 327/1,Filtr powietrza
Filtr oleju Filtron OP 592/9,5904608105929,1,13.03,OP 592/9,Filtr oleju
Filtr kabinowy B4W006PR K1024,IC-A9FCEB,1,13.01,K 1024,Filtr kabiny
Filtr powietrza Filtron AP 122/8,5904608091222,1,12.94,AP 122/8,Filtr powietrza
Filtr kabinowy B4R027PR K1167,IC-AA06F6,1,12.9,K 1167,Filtr kabiny
Filtr paliwa FILTRON PS 865/4,5904608058652,2,12.86,PS 865/4,Filtr paliwa
Filtr oleju Filtron OE 650/2,5904608036506,3,12.84,OE 650/2,Filtr oleju
Filtr powietrza B2F049PR AR 234/3,IC-AEF6E1,2,12.83,AR 234/3,Filtr powietrza
Filtr powietrza Filtron AR 234/3,5904608042347,1,12.83,AR 234/3,Filtr powietrza
Filtr kabinowy B4R029PR-2X K1248-2X,IC-C3E2D5,2,12.74,K 1248-2X,Filtr kabiny
Filtr powietrza B28030PR AP 130/9,IC-A8FDFB,2,12.61,AP 130/9,Filtr powietrza
Filtr powietrza Filtron AP 003/5,5904608060037,1,12.56,AP 003/5,Filtr powietrza
Filtr kabinowy Filtron K1055,5904608010551,1,12.5,K 1055,Filtr kabiny
Filtr kabinowy B4G018PR K1154,IC-B46EE3,1,12.44,K 1154,Filtr kabiny
Filtr powietrza B2W010PR AP 063,IC-A9DE05,1,12.33,AP 063,Filtr powietrza
Filtr oleju Filtron OP 546/1,5904608025463,1,12.32,OP 546/1,Filtr oleju
Filtr powietrza B24058PR AP 104/7,IC-A8FDF1,1,12.32,AP 104/7,Filtr powietrza
Filtr oleju Filtron OP 525/4,5904608055255,1,12.26,OP 525/4,Filtr oleju
Filtr powietrza B2R021PR AR349,IC-AA0F21,1,12.12,AR 349,Filtr powietrza
Uszczelka pokrywy zaw. EL505060,4041248424315,1,12.12,EL505060,Uszczelka pokrywy zawor�w
Filtr oleju Filtron OP 642/3,5904608046420,1,12.06,OP 642/3,Filtr oleju
Filtr powietrza B22089PR AP 142/3,IC-A9016B,1,12.04,AP 142/3,Filtr powietrza
Filtr powietrza Filtron AP 142/3,5904608041425,1,12.04,AP 142/3,Filtr powietrza
Filtr paliwa Filtron PE 816/4,5904608058164,1,11.95,PE 816/4,Filtr paliwa
Filtr paliwa B3G024PR,IC-A9FFB5,1,11.85,B3G024PR,Filtr paliwa
Filtr powietrza B2M042PR AP 010,IC-A9D652,1,11.83,AP 010,Filtr powietrza
Filtr powietrza Filtron AP 113/3,5904608041135,1,11.8,AP 113/3,Filtr powietrza
Filtr powietrza B2C044PR AP 090/4,IC-BA1D51,1,11.76,AP 090/4,Filtr powietrza
Filtr kabinowy B4G020PR K1150,IC-B46EDA,1,11.74,K 1150,Filtr kabiny
Filtr powietrza B2F039PR AR 234/2,IC-AEF6E9,2,11.71,AR 234/2,Filtr powietrza
Filtr kabinowy B4C009PR K1107,IC-AA069F,1,11.7,K 1107,Filtr kabiny
Filtr oleju Filtron OP 538,5904608005380,1,11.7,OP 538,Filtr oleju
Filtr powietrza Filtron AR 232/1,5904608012326,1,11.63,AR 232/1,Filtr powietrza
Filtr oleju Filtron OE 640/7,5904608086402,1,11.51,OE 640/7,Filtr oleju
Zestaw naprawczy zacisku D4-538,8430320045955,2,11.49,D4-538,Zestaw naprawczy zacisku hamulcowego
Filtr oleju Filtron OC 601,5904608006011,1,11.43,OC 601,Filtr oleju
Filtr powietrza B2C021PR AP 130/7,IC-AEF6DA,2,11.4,AP 130/7,Filtr powietrza
Filtr powietrza Filtron AP 160/1,5904608021601,1,11.4,AP 160/1,Filtr powietrza
Filtr powietrza B2F059PR AP 092/7,IC-B46ECE,1,11.25,AP 092/7,Filtr powietrza
Filtr powietrza B22092PR AP 142/6,IC-A90091,1,11.24,AP 142/6,Filtr powietrza
Filtr pow. kabinowy Filtron K 1127,5904608081278,1,11.16,K 1127,Filtr kabiny
Filtr powietrza B2C021PR AP 130/8,IC-AEF6DA,1,11.15,AP 130/8,Filtr powietrza
Filtr kabinowy B4A003PR K1032,IC-AEF60C,2,11.05,K 1032,Filtr kabiny
Filtr paliwa Filtron PP 837,5904608008374,1,11.02,PP 837,Filtr paliwa
Filtr powietrza B20332PR AP 177/7,IC-AA0D8C,1,11.02,AP 177/7,Filtr powietrza
Filtr powietrza Filtron AP 185/1,5904608011855,2,11.02,AP 185/1,Filtr powietrza
Filtr powietrza B2P027PR AP 080/8,IC-AEF65B,1,11.01,AP 080/8,Filtr powietrza
Filtr powietrza B2R040PR AP 135/2,IC-AA1EF6,1,10.96,AP 135/2,Filtr powietrza
Zestaw naprawczy zacisku D4-083,8430320017280,2,10.9,D4-083,Zestaw naprawczy zacisku hamulcowego
Filtr powietrza B2F069PR AP 022/2,IC-B9C64A,1,10.83,AP 022/2,Filtr powietrza
Filtr kabinowy B4W024CPR,IC-D0B3AB,1,10.81,B4W024CPR,Filtr kabiny
Filtr paliwa FILTRON PM 815/4,5904608058157,1,10.8,PM 815/4,Filtr paliwa
Filtr powietrza B2R048PR AP 185/2,IC-B9C580,1,10.79,AP 185/2,Filtr powietrza
Filtr kabinowy B4C011PR K1128,IC-BA109B,1,10.77,K 1128,Filtr kabiny
Filtr kabinowy Filtron K1014,5904608010148,1,10.75,K 1014,Filtr kabiny
Filtr oleju Filtron OE 640/2,5904608026408,1,10.74,OE 640/2,Filtr oleju
Filtr oleju Filtron OP 616/2,5904608026163,1,10.68,OP 616/2,Filtr oleju
Filtr powietrza B25049PR AP 181,IC-A90036,1,10.67,AP 181,Filtr powietrza
PX C446,3286061813651,1,10.66,PX C446,Filtr paliwa
Filtr kabinowy B45007PR,IC-AA00E6,1,10.64,B45007PR,Filtr kabiny
Filtr kabinowy B4W005PR K1004,IC-A9FCEA,1,10.63,K 1004,Filtr kabiny
Filtr oleju Filtron OP 525/3,5904608035257,1,10.62,OP 525/3,Filtr oleju
Zestaw naprawczy zacisku D4-576,8430320045795,2,10.51,D4-576,Zestaw naprawczy zacisku hamulcowego
Filtr oleju Filtron OE 685/4,5904608056856,1,10.5,OE 685/4,Filtr oleju
Filtr powietrza B2F072PR Ap 092/8,IC-C3E2AB,2,10.48,AP 092/8,Filtr powietrza
Filtr oleju Filtron OE 649/5,5904608066497,1,10.42,OE 649/5,Filtr oleju
Filtr powietrza B2W019PR AR201,IC-A9FD53,1,10.35,AR 201,Filtr powietrza
Filtr kabinowy Filtron K1323,5904608803238,1,10.34,K 1323,Filtr kabiny
Filtr powietrza B2F073PR,,1,10.31,B2F073PR,Filtr powietrza
Zestaw naprawczy zacisku D4-468,8430320039848,1,10.31,D4-468,Zestaw naprawczy zacisku hamulcowego
Filtr powietrza B24065PR AP 106/3,IC-AA0DB5,1,10.26,AP 106/3,Filtr powietrza
Filtr oleju Filtron OP 643/5,5904608066435,2,10.2,OP 643/5,Filtr oleju
Filtr powietrza Filtron AP 130/3,5904608041302,2,10.19,AP 130/3,Filtr powietrza
Filtr powietrza B2X058PR Ap 072/1,IC-B46EFE,1,10.13,AP 072/1,Filtr powietrza
Filtr oleju filtron op 629/2,5904608036292,1,10.12,OP 629/2,Filtr oleju
Filtr powietrza B2W016PR,IC-AA0DD1,1,10.11,B2W016PR,Filtr powietrza
Filtr paliwa FILTRON PS 921,5904608009210,1,10.05,PS 921,Filtr paliwa
Filtr oleju Filtron OP 525/2,5904608025258,1,10.02,OP 525/2,Filtr oleju
Filtr powietrza B2P025PR AP 080/4,IC-AEF656,1,9.99,AP 080/4,Filtr powietrza
Filtr oleju OM 522/2,5904608025227,1,9.96,OM 522/2,Filtr oleju
Filtr kabinowy B4X001PR K1002,IC-A9BFA8,2,9.87,K 1002,Filtr kabiny
LIN14.20.04,5907668206414,1,9.85,LIN14.20.04,Linka gazu
Filtr oleju Filtron OE 649/1,5904608016492,1,9.83,OE 649/1,Filtr oleju
Filtr kabinowy Filtron K 1083,5904608010834,1,9.8,K 1083,Filtr kabiny
Filtr powietrza Filtron AP 182/7,5904608081827,1,9.8,AP 182/7,Filtr powietrza
Filtr kabinowy B4F018PR K1122,IC-B46EB7,1,9.78,K 1122,Filtr kabiny
Filtr kabinowy B4G008PR K1010,IC-AA0CEC,1,9.78,K 1010,Filtr kabiny
Filtr oleju filtron op 595/1,5904608025951,1,9.72,OP 595/1,Filtr oleju
Filtr kabinowy Filtron K1030,5904608010308,2,9.68,K 1030,Filtr kabiny
FIltr powietrza Filtron AP 160,5904608001603,1,9.67,AP 160,Filtr powietrza
Filtr oleju filtron op 616/3,5904608046161,2,9.66,OP 616/3,Filtr oleju
Filtr paliwa FILTRON PE815/2,5904608038159,2,9.61,PE 815/2,Filtr paliwa
Filtr paliwa B30329PR,IC-A94B36,1,9.6,B30329PR,Filtr paliwa
Filtr paliwa B3G011PR PP 865,IC-AA0B52,1,9.58,PP 865,Filtr paliwa
Zestaw naprawczy zacisku D4-656,8430320053189,2,9.56,D4-656,Zestaw naprawczy zacisku hamulcowego
Filtr oleju Filtron OE 649/6,5904608076496,1,9.55,OE 649/6,Filtr oleju
Filtr paliwa B3W018PR PP 836/1,IC-AA0B25,1,9.55,PP 836/1,Filtr paliwa
Filtr paliwa FILTRON PP 841,5904608008411,1,9.54,PP 841,Filtr paliwa
Filtr oleju Filtron OP 543,5904608005434,1,9.53,OP 543,Filtr oleju
Filtr powietrza B2W023PR AP 063/1,IC-AA0F1C,1,9.53,AP 063/1,Filtr powietrza
Filtr powietrza B2W011PR AP 140,IC-A9EBDB,1,9.52,AP 140,Filtr powietrza
Filtr paliwa Filtron PP 859,5904608008596,1,9.51,PP 859,Filtr paliwa
Filtr oleju Filtron OE 672,5904608006721,1,9.49,OE 672,Filtr oleju
Filtr oleju Filtron OE 683,5904608006837,1,9.49,OE 683,Filtr oleju
Filtr paliwa B3P006PR PP831/1,IC-A9FD5B,1,9.49,PP 831/1,Filtr paliwa
Filtr powietrza Filtron AP 134/4,5904608051349,1,9.49,AP 134/4,Filtr powietrza
Filtr powietrza B21071PR AP 185/5,IC-AA0A3F,1,9.47,AP 185/5,Filtr powietrza
Filtr paliwa Filtron PE 816/3,5904608048165,1,9.41,PE 816/3,Filtr paliwa
Filtr oleju Filtron OE 682/2,5904608036827,1,9.4,OE 682/2,Filtr oleju
Filtr kabinowy B4W018PR K1111,IC-AA06A1,1,9.38,K 1111,Filtr kabiny
Filtr powietrza B2W012PR AP 060,IC-A9DE06,1,9.36,AP 060,Filtr powietrza
Filtr kabinowy filtron k 1087,5904608080875,1,9.3,K 1087,Filtr kabiny
Filtr oleju FIltron OE 674/6,5904608076748,1,9.3,OE 674/6,Filtr oleju
Filtr oleju Filtron OP 532/2,5904608035325,2,9.28,OP 532/2,Filtr oleju
Filtr kabinowy Filtron K1097,5904608080974,1,9.26,K 1097,Filtr kabiny
Filtr oleju Filtron OE 649/7,5904608086495,2,9.19,OE 649/7,Filtr oleju
Filtr oleju Filtron OP 544,5904608005441,1,9.16,OP 544,Filtr oleju
Filtr oleju Filtron OC 602,5904608006028,1,9.15,OC 602,Filtr oleju
Filtr kabinowy B4C006PR K1102,IC-AA069E,1,9.12,K 1102,Filtr kabiny
Filtr oleju Filtron OP 628,5904608006288,1,9.09,OP 628,Filtr oleju
Filtr oleju Filtron OE 667/1,5904608026675,2,9.08,OE 667/1,Filtr oleju
Filtr powietrza B2D000PR,IC-BA175C,1,9.06,B2D000PR,Filtr powietrza
Adriauto AD11.0178,IC-309625,1,9.05,AD11.0178,Linka sprz�g�a
Filtr powietrza B2R034PR AR 131/1,IC-AEF66B,1,9.02,AR 131/1,Filtr powietrza
Filtr kabinowy B42013PR K1210,IC-AA0D7D,1,9,K 1210,Filtr kabiny
Filtr powietrza Filtron AP 151/5,5904608061515,1,8.96,AP 151/5,Filtr powietrza
Filtr powietrza B21066PR Ap124/1,IC-A9FCD1,1,8.82,AP 124/1,Filtr powietrza
Filtr oleju Filtron OE 666/2,5904608036667,1,8.81,OE 666/2,Filtr oleju
Filtr kabinowy B4P019CPR,IC-D098F6,1,8.8,B4P019CPR,Filtr kabiny
Filtr powietrza Filtron AP 184,5904608001849,1,8.79,AP 184,Filtr powietrza
Filtr oleju Filtron OE 640/6,5904608066404,1,8.77,OE 640/6,Filtr oleju
Filtr powietrza B20014PR AP 082/5,IC-A94AB3,1,8.74,AP 082/5,Filtr powietrza
Zestaw naprawczy zacisku D4-134,8430320017761,2,8.66,D4-134,Zestaw naprawczy zacisku hamulcowego
Filtr powietrza B25031pr Ap 180,IC-A90046,1,8.64,AP 180,Filtr powietrza
Filtr oleju Filtron OE 666/1,5904608026668,1,8.63,OE 666/1,Filtr oleju
Pasek wieloklinowy Conti 4 PK 665,4010858530105,1,8.62,4 PK 665,Pasek wielorowkowy
Filtr oleju Filtron OE 682,5904608006820,1,8.56,OE 682,Filtr oleju
Filtr powietrza Filtron AP 080,5904608000804,1,8.56,AP 080,Filtr powietrza
Filtr oleju Filtron OE 648/3,5904608046482,1,8.5,OE 648/3,Filtr oleju
Filtr oleju Filtron OE 662,5904608006622,1,8.47,OE 662,Filtr oleju
Filtr oleju Filtron OM 523,5904608005236,1,8.47,OM 523,Filtr oleju
Filtr oleju Filtron OM 610,5904608006103,1,8.44,OM 610,Filtr oleju
Filtr oleju Filtron OE 666,5904608006660,2,8.38,OE 666,Filtr oleju
Filtr oleju Filtron OE 649/4,5904608046499,2,8.36,OE 649/4,Filtr oleju
Filtr oleju Filtron OP 616,5904608006165,2,8.32,OP 616,Filtr oleju
Filtr oleju Filtron OE 649/2,5904608026491,1,8.31,OE 649/2,Filtr oleju
Filtr powietrza B2F055PR AR 232/2,IC-B9C55F,1,8.3,AR 232/2,Filtr powietrza
Filtr powietrza B2G051PR AP 074/3,IC-AA1EF2,1,8.28,AP 074/3,Filtr powietrza
Filtr powietrza Filtron Ap 074/3,5904608040749,1,8.28,AP 074/3,Filtr powietrza
Filtr paliwa Filtron PM 816/1,5904608018168,1,8.13,PM 816/1,Filtr paliwa
Filtr oleju Filtron OP 557,5904608005571,1,8.1,OP 557,Filtr oleju
Filtr oleju Filtron OP 566/2,5904608075666,1,8.1,OP 566/2,Filtr oleju
Filtr powietrza B2C055PR,IC-D8029E,1,7.96,B2C055PR,Filtr powietrza
Filtr oleju Filtron OP 564/1,5904608025647,1,7.93,OP 564/1,Filtr oleju
Filtr oleju Filtron OE 671,5904608006714,1,7.9,OE 671,Filtr oleju
Filtr kabinowy B4X014PR,IC-A9BFAF,1,7.89,B4X014PR,Filtr kabiny
Filtr kabinowy B4R018PR K1089,IC-A9FFB4,1,7.88,K 1089,Filtr kabiny
Filtr oleju Filtron OP 525,5904608005250,1,7.87,OP 525,Filtr oleju
Filtr paliwa FILTRON PP 840,5904608008404,1,7.87,PP 840,Filtr paliwa
Filtr powietrza Filtron AP 082/1,5904608010827,1,7.85,AP 082/1,Filtr powietrza
Uszczelka pokrywy zaworów EL399570,4041248198513,1,7.83,EL399570,Uszczelka pokrywy zawor�w
Filtr powietrza Filtron AP 134/2,5904608021342,1,7.8,AP 134/2,Filtr powietrza
Filtr powietrza B23054PR,IC-A8FDE9,1,7.72,B23054PR,Filtr powietrza
Filtr powietrza B20006PR AP 082/4,IC-A94AAE,1,7.7,AP 082/4,Filtr powietrza
Filtr oleju Filtron OP 534,5904608005342,1,7.66,OP 534,Filtr oleju
Filtr oleju Filtron OP 642/2,5904608036421,1,7.66,OP 642/2,Filtr oleju
Filtr oleju Filtron OE 669,5904608006691,1,7.65,OE 669,Filtr oleju
Filtr oleju FILTRON OP 546,5904608005465,1,7.63,OP 546,Filtr oleju
Filtr kabinowy Filtron K1183,5904608801838,1,7.6,K 1183,Filtr kabiny
Filtr powietrza B2S001PR AP 189,IC-A9EAE2,1,7.58,AP 189,Filtr powietrza
Filtr oleju Filtron OP 537/2,5904608035370,1,7.53,OP 537/2,Filtr oleju
Filtr oleju Filtron OP 641,5904608006417,1,7.4,OP 641,Filtr oleju
Filtr oleju Filtron OE 648/5,5904608066480,2,7.38,OE 648/5,Filtr oleju
Filtr powietrza B25055PR,IC-A8FDF4,1,7.35,B25055PR,Filtr powietrza
Filtr paliwa Filtron PM 936,5904608009364,1,7.32,PM 936,Filtr paliwa
Filtr powietrza B2C030PR AP 080/7,IC-AEF6D8,1,7.21,AP 080/7,Filtr powietrza
Filtr oleju Filtron OP 629,5904608006295,1,7.19,OP 629,Filtr oleju
Filtr kabinowy B4W021PR K1313,IC-C6BA3D,1,7.17,K 1313,Filtr kabiny
Filtr kabinowy B4R003PR K1023,IC-AE7CF4,2,7.16,K 1023,Filtr kabiny
Filtr oleju Filtron oe 640/9,5904608106407,1,7.14,OE 640/9,Filtr oleju
Filtr oleju Filtron oe 685/2,5904608036858,1,7.11,OE 685/2,Filtr oleju
Filtr kabinowy B44017PR,IC-B3B3C5,1,7.08,B44017PR,Filtr kabiny
Filtr oleju Filtron OE 640/5,5904608056405,1,7.06,OE 640/5,Filtr oleju
Filtr oleju Filtron OE 640/3,5904608036407,1,7.02,OE 640/3,Filtr oleju
Filtr oleju Filtron OP 630,5904608006301,2,7.01,OP 630,Filtr oleju
Filtr oleju Filtron OP 532/1,5904608015327,3,6.95,OP 532/1,Filtr oleju
Filtr powietrza B24079PR,IC-D776DF,2,6.95,B24079PR,Filtr powietrza
Filtr powietrza FILTRON AP 133/2,5904608031334,1,6.93,AP 133/2,Filtr powietrza
Filtr oleju Filtron OP 643/4,5904608056436,1,6.92,OP 643/4,Filtr oleju
Filtr paliwa Filtron PM 858,5904608008589,2,6.79,PM 858,Filtr paliwa
Filtr kabinowy Filtron K 1093,5904608080936,1,6.78,K 1093,Filtr kabiny
Filtr oleju Filtron OP 526,5904608045263,1,6.78,OP 526,Filtr oleju
Filtr oleju Filtron OE 648/2,5904608026484,1,6.76,OE 648/2,Filtr oleju
Filtr oleju Filtron OE 673,5904608006738,1,6.76,OE 673,Filtr oleju
Filtr kabinowy B41018PR K1255,IC-AA0A95,1,6.73,K 1255,Filtr kabiny
Filtr oleju Filtron OP 572,5904608005724,1,6.72,OP 572,Filtr oleju
Filtr oleju Filtron OP 575,5904608005755,1,6.72,OP 575,Filtr oleju
Filtr oleju Filtron OP 573,5904608005731,2,6.7,OP 573,Filtr oleju
Filtr kabinowy B42006CPR,IC-AA0EEA,1,6.68,B42006CPR,Filtr kabiny
Filtr powietrza AP 075,5904608000750,1,6.6,AP 075,Filtr powietrza
Filtr kabinowy B4X003PR K1009,IC-A9FD60,1,6.55,K 1009,Filtr kabiny
Filtr oleju Filtron OE 648/1,5904608016485,1,6.43,OE 648/1,Filtr oleju
Filtr kabinowy Filtron K 1006,5904608010063,1,6.39,K 1006,Filtr kabiny
Filtr oleju Filtron OE 640/4,5904608046406,2,6.39,OE 640/4,Filtr oleju
Filtr oleju OE 650/1,5904608026507,3,6.39,OE 650/1,Filtr oleju
Filtr kabinowy B40004PR,IC-A94ACE,1,6.38,B40004PR,Filtr kabiny
Filtr powietrza Filtron AP 155,5904608001559,2,6.38,AP 155,Filtr powietrza
Filtr oleju Filtron OE 670,5904608006707,1,6.36,OE 670,Filtr oleju
Filtr oleju Filtron OE 674/2,5904608036742,2,6.34,OE 674/2,Filtr oleju
Zestaw naprawczy zacisku D4-073,8430320017181,2,6.34,D4-073,Zestaw naprawczy zacisku hamulcowego
Filtr oleju Filtron OP 545/2,5904608025456,1,6.32,OP 545/2,Filtr oleju
Filtr kabinowy B4R038PR,IC-E189FB,1,6.31,B4R038PR,Filtr kabiny
Filtr oleju Filtron OP 545,5904608005458,1,6.1,OP 545,Filtr oleju
Filtr kabinowy B4F020PR K1172,IC-B46F01,1,6.08,K 1172,Filtr kabiny
Filtr kabinowy Filtron K1101,5904608081018,1,6.02,K 1101,Filtr kabiny
Filtr kabinowy B4G013PR K1110,IC-B46ED1,1,6.01,K 1110,Filtr kabiny
Filtr oleju Filtron OP 618,5904608006189,1,5.97,OP 618,Filtr oleju
Świeca zapłonowa Bosch 0 242 229 699,3165143408797,4,5.9,242229699,�wieca zap�onowa
Filtr pow. B23023PR,IC-AA00B7,1,5.81,B23023PR,Filtr powietrza
Filtr powietrza Filtron AP 013,5904608000132,1,5.72,AP 013,Filtr powietrza
Filtr powietrza B2G033PR,IC-AA017C,1,5.67,B2G033PR,Filtr powietrza
Filtr oleju Filtron OE 640/1,5904608016409,1,5.64,OE 640/1,Filtr oleju
Uszczelka pokrywy zaworów EL919497,4041248108086,2,5.59,EL919497,Uszczelka pokrywy zawor�w
Filtr kabinowy Filtron K1052,5904608010520,1,5.58,K 1052,Filtr kabiny
Filtr powietrza B2R059PR,,1,5.27,B2R059PR,Filtr powietrza
Filtr oleju Filtron OE 655,5904608006554,1,5.11,OE 655,Filtr oleju
Filtr powietrza B28029PR,IC-A8FDFA,2,5.1,B28029PR,Filtr powietrza
Filtr kabinowy B4A016PR,IC-C3E2C7,1,5.04,B4A016PR,Filtr kabiny
Filtr oleju Filtron OP 570/1,5904608025708,1,5,OP 570/1,Filtr oleju
Filtr kabinowy B4F023PR K1228,IC-C3E2CF,1,4.97,K 1228,Filtr kabiny
Filtr powietrza B2W061PR,IC-C3E2B8,1,4.67,B2W061PR,Filtr powietrza
Filtr kabinowy B4A000PR,IC-AE8101,1,4.63,B4A000PR,Filtr kabiny
Filtr oleju Filtron OP 551,5904608005519,1,4.34,OP 551,Filtr oleju
Filtr oleju Filtron OP 570,5904608005700,1,4.24,OP 570,Filtr oleju
Filtr kabinowy B4G022PR K1251,IC-C3E2D0,1,4.23,K 1251,Filtr kabiny
Filtr powietrza B2R060PR,IC-C3E2B3,1,4.23,B2R060PR,Filtr powietrza
Uszczelka pokrywy zaworów EL332130,4041248189764,1,4.13,EL332130,Uszczelka pokrywy zawor�w
Filtr kabinowy B4F007PR,IC-AEF5DB,1,4.03,B4F007PR,Filtr kabiny
Świeca zapłonowa Bosch 0 242 240 593,3165143134443,1,3.72,242240593,�wieca zap�onowa
Uszczelka pokrywy zaw. EL591076,4041248037065,1,3.66,EL591076,Uszczelka pokrywy zawor�w
Filtr powietrza Filtron AR 215,5904608002150,1,3.4,AR 215,Filtr powietrza
Poduszka stabilizatora J70002AD,5900427877276,2,2.91,J70002AD,Poduszka stabilizatora
Zestaw naprawczy zacisku D4-003,8430320016481,2,2.79,D4-003,Zestaw naprawczy zacisku hamulcowego
Poduszka stabilizatora J70002D,5900427126169,3,2.53,J70002D,Poduszka stabilizatora
Filtr paliwa FILTRON PS 822/2,PS 822/2,2,2.41,PS 822/2,Filtr paliwa
Filtr paliwa FILTRON PS 842,PS 842,1,1.53,PS 842,Filtr paliwa
,4008177155581,1,0,#N/D!,#N/D!
,4008177155741,3,0,#N/D!,#N/D!
,4008177157264,1,0,#N/D!,#N/D!
,3374650005218,1,0,#N/D!,#N/D!
,IC-B2B07F,3,0,#N/D!,#N/D!
,IC-A9010E,1,0,#N/D!,#N/D!
,IC-A9013C,1,0,#N/D!,#N/D!
,IC-BE3A69,1,0,#N/D!,#N/D!
,5904608010025,1,0,#N/D!,#N/D!
,5904608802620,1,0,#N/D!,#N/D!
,5904608005373,2,0,#N/D!,#N/D!
,5904608015402,1,0,#N/D!,#N/D!
,3165143410790,1,0,#N/D!,#N/D!
,PS 820,3,0,#N/D!,#N/D!
,IC-C373A5,10,0,#N/D!,#N/D!
,4011558952105,1,0,#N/D!,#N/D!
,IC-A94AFF,1,0,#N/D!,#N/D!
,IC-A94B0F,1,0,#N/D!,#N/D!
,IC-A90065,2,0,#N/D!,#N/D!
,IC-AA0B83,2,0,#N/D!,#N/D!
,IC-A900D8,2,0,#N/D!,#N/D!
,IC-A90042,1,0,#N/D!,#N/D!
,IC-AA005C,1,0,#N/D!,#N/D!
,IC-A90098,1,0,#N/D!,#N/D!
,IC-B8B667,1,0,#N/D!,#N/D!
,IC-B9C57D,1,0,#N/D!,#N/D!
,IC-C57EFE,1,0,#N/D!,#N/D!
,IC-C3E2A8,1,0,#N/D!,#N/D!
,IC-A9C7B7,1,0,#N/D!,#N/D!
,IC-A9C489,1,,#N/D!,#N/D!
,IC-B46EC3,1,,#N/D!,#N/D!
,IC-A9FFB8,1,,#N/D!,#N/D!
,IC-B46EE7,1,,#N/D!,#N/D!
,IC-A9C547,1,,#N/D!,#N/D!
,IC-A900D4,1,,#N/D!,#N/D!
,IC-A9FCB7,1,,#N/D!,#N/D!
,IC-AA0F22,2,,#N/D!,#N/D!
,IC-B9C560,1,,#N/D!,#N/D!
,IC-A9FD56,1,,#N/D!,#N/D!
,IC-AE7CE5,1,,#N/D!,#N/D!
,,1,,#N/D!,#N/D!
,5904608000026,1,,#N/D!,#N/D!
,5904608000064,1,,#N/D!,#N/D!
,5904608030207,1,,#N/D!,#N/D!
,5904608000408,1,,#N/D!,#N/D!
,5904608070517,1,,#N/D!,#N/D!
,5904608000576,1,,#N/D!,#N/D!
,5904608000712,1,,#N/D!,#N/D!
,5904608050748,1,,#N/D!,#N/D!
,5904608060747,1,,#N/D!,#N/D!
,5904608000767,2,,#N/D!,#N/D!
,5904608060921,1,,#N/D!,#N/D!
,5904608100924,1,,#N/D!,#N/D!
,5904608111302,1,,#N/D!,#N/D!
,5904608031303,1,,#N/D!,#N/D!
,5904608041340,1,,#N/D!,#N/D!
,4009026511442,1,,#N/D!,#N/D!
,4011558019709,1,,#N/D!,#N/D!
,3286061841791,1,,#N/D!,#N/D!
,3286064000270,1,,#N/D!,#N/D!
,4009026507629,1,,#N/D!,#N/D!
,IC-A94AD0,1,,#N/D!,#N/D!
,5901001777654,1,,#N/D!,#N/D!
,9532310000018,1,,#N/D!,#N/D!
,215-1424N-UE,2,,#N/D!,#N/D!
,661-1406N-UE,1,,#N/D!,#N/D!
,5900427602618,1,,#N/D!,#N/D!
,4009026504895,1,,#N/D!,#N/D!
,442-1403N-UE,1,,#N/D!,#N/D!
,4100420030789,4,,#N/D!,#N/D!
,14.20.01,1,,#N/D!,#N/D!
,14.20.02,1,,#N/D!,#N/D!
,14.01.03,1,,#N/D!,#N/D!
,5900744092222,1,,#N/D!,#N/D!
,8429296990000,1,,#N/D!,#N/D!
,5905694012207,1,,#N/D!,#N/D!
,,2,,#N/D!,#N/D!
,5425037869454,1,,#N/D!,#N/D!
,5055107456842,2,,#N/D!,#N/D!
,87295028766,4,,#N/D!,#N/D!
,87295035771,4,,#N/D!,#N/D!
,87295052822,4,,#N/D!,#N/D!
,87295061299,4,,#N/D!,#N/D!
,87295053393,8,,#N/D!,#N/D!
,87295064658,4,,#N/D!,#N/D!
,87295029411,4,,#N/D!,#N/D!
,87295047835,4,,#N/D!,#N/D!
,87295062371,4,,#N/D!,#N/D!
,87295039755,4,,#N/D!,#N/D!
,87295072653,4,,#N/D!,#N/D!
,87295022689,1,,#N/D!,#N/D!
,87295043882,4,,#N/D!,#N/D!
,87295059326,4,,#N/D!,#N/D!
,87295044834,1,,#N/D!,#N/D!
,87295030455,8,,#N/D!,#N/D!
,87295168950,8,,#N/D!,#N/D!
,87295054611,4,,#N/D!,#N/D!
,87295063422,4,,#N/D!,#N/D!
,87295045534,4,,#N/D!,#N/D!
,87295063446,4,,#N/D!,#N/D!
,87295063453,4,,#N/D!,#N/D!
,87295016626,4,,#N/D!,#N/D!
,87295016671,4,,#N/D!,#N/D!
,87295057766,4,,#N/D!,#N/D!
,87295056370,8,,#N/D!,#N/D!
,87295817636,6,,#N/D!,#N/D!
,,4,,#N/D!,#N/D!
,87295874721,4,,#N/D!,#N/D!
,87295864630,4,,#N/D!,#N/D!
,87295822975,4,,#N/D!,#N/D!
,87295868157,4,,#N/D!,#N/D!
,87295064665,4,,#N/D!,#N/D!
,8795843017,4,,#N/D!,#N/D!
,87295011836,4,,#N/D!,#N/D!
,87295023648,4,,#N/D!,#N/D!
,87295031537,4,,#N/D!,#N/D!
,IC-598071,1,,#N/D!,#N/D!
,5901001767044,1,,#N/D!,#N/D!
,8033989080543,1,,#N/D!,#N/D!
,4008321218391,1,,#N/D!,#N/D!
,5901225422736,2,,#N/D!,#N/D!
,4010858878849,1,,#N/D!,#N/D!
,4010858780050,1,,#N/D!,#N/D!
,4010858780319,1,,#N/D!,#N/D!
,4010858780074,1,,#N/D!,#N/D!
,4010858780166,2,,#N/D!,#N/D!
,5902596581244,3,,#N/D!,#N/D!
,5011987248748,1,,#N/D!,#N/D!
,1063455198,2,,#N/D!,#N/D!
,8001063455396,2,,#N/D!,#N/D!
,8032532037133,1,,#N/D!,#N/D!
,8032532063750,1,,#N/D!,#N/D!
,87295168936,6,,#N/D!,#N/D!
,4047024115514,4,,#N/D!,#N/D!
,42511460348,4,,#N/D!,#N/D!
,87295151105,1,,#N/D!,#N/D!
,87295121207,3,,#N/D!,#N/D!
,87295155103,1,,#N/D!,#N/D!
,87295124604,1,,#N/D!,#N/D!
,87295120873,8,,#N/D!,#N/D!
,87295140734,3,,#N/D!,#N/D!
,87295175538,4,,#N/D!,#N/D!
,87295151112,1,,#N/D!,#N/D!
,87295140086,2,,#N/D!,#N/D!
,87295157985,1,,#N/D!,#N/D!
,87295157220,1,,#N/D!,#N/D!
,87295146293,2,,#N/D!,#N/D!
,87295179123,2,,#N/D!,#N/D!
,87295149836,4,,#N/D!,#N/D!
,87295151228,1,,#N/D!,#N/D!
,87295156056,4,,#N/D!,#N/D!
,3425901107622,2,,#N/D!,#N/D!
,5908229910375,4,,#N/D!,#N/D!
,3351642567053,1,,#N/D!,#N/D!
,4041248010976,1,,#N/D!,#N/D!
,4041248119112,2,,#N/D!,#N/D!
,4041248511893,2,,#N/D!,#N/D!
,4041248567135,1,,#N/D!,#N/D!
,3351642560542,1,,#N/D!,#N/D!
,3351642560870,1,,#N/D!,#N/D!
,4027816159520,1,,#N/D!,#N/D!
,8001063172866,1,,#N/D!,#N/D!
,8001063172873,1,,#N/D!,#N/D!
,IC-B76FFB,97,,#N/D!,#N/D!
,3351642550796,2,,#N/D!,#N/D!
,3276425778450,1,,#N/D!,#N/D!
,1274200000019,2,,#N/D!,#N/D!
,8430320031026,1,,#N/D!,#N/D!
,8430320051574,2,,#N/D!,#N/D!
,8430320032115,4,,#N/D!,#N/D!
,,2,,AHF016MT,Amortyzator
,4008177077289,1,,EDGE 5W40 1L,Olej silnikowy
,4008177077319,2,,EDGE 5W40 4L,Olej silnikowy
,5907439901029,2,,CERAM CB,Dodatek do oleju przek�adniowego
,5907439901012,1,,CERAM CK,Dodatek do oleju do uk�adu wspomagania
,5907439901050,1,,CERAM CM-2T,Dodatek do oleju silnikowego
,3267025011177,3,,EVO 700 STI 10W40 1L,Olej silnikowy
,3425901108957,1,,EVO 900 NF 5W40 4L,Olej silnikowy
,IC-A94B5B,1,,K 1232,Filtr kabiny
,IC-A94B5D,1,,B40307PR,Filtr kabiny
,IC-A9017C,1,,B44003PR,Filtr kabiny
,IC-A8FE13,1,,B44008PR,Filtr kabiny
,IC-CFE33E,1,,B4D005PR-2X,Filtr kabiny
,IC-B46F22,1,,K 1209,Filtr kabiny
,IC-A9C475,1,,K 1008,Filtr kabiny
,IC-BA87D2,1,,B4M027CPR,Filtr kabiny
,5904608010223,1,,K 1022,Filtr kabiny
,5904608010513,1,,K 1051,Filtr kabiny
,5904608802323,1,,K 1232,Filtr kabiny
,5904608005397,2,,OP 539,Filtr oleju
,5904608005410,1,,OP 541,Filtr oleju
,IC-A9755B,1,,B3W020PR,Filtr paliwa
,IC-BA7097,1,,B3W033PR,Filtr paliwa
,4047023566072,1,,1457434293,Filtr paliwa
,5904608009401,1,,PP 940,Filtr paliwa
,5904608008602,2,,PS 860,Filtr paliwa
,5904608010278,1,,K 1027,Filtr kabiny
,5904608010452,1,,K 1045,Filtr kabiny
,5904608010469,1,,K 1046,Filtr kabiny
,5904608080950,1,,K 1095,Filtr kabiny
,5904608081087,1,,K 1108,Filtr kabiny
,4009026069424,1,,LA39,Filtr kabiny
,IC-A94AAC,1,,AP 082/2,Filtr powietrza
,IC-A94AF6,1,,AP108/2,Filtr powietrza
,IC-A94B07,1,,AP 177/1,Filtr powietrza
,IC-A8FDDB,1,,B21060PR,Filtr powietrza
,IC-A900BE,1,,AP 167/2,Filtr powietrza
,IC-A900A4,1,,AP 167/1,Filtr powietrza
,IC-A8FDEF,1,,AP 104/4,Filtr powietrza
,IC-B3B3B7,1,,B24072PR,Filtr powietrza
,IC-A9006C,1,,B28025PR,Filtr powietrza
,IC-AA042C,1,,AP 026,Filtr powietrza
,IC-AEF6EA,1,,B2F002PR,Filtr powietrza
,IC-AA0C5F,1,,B2F028PR,Filtr powietrza
,IC-AEF6E8,1,,AP 077,Filtr powietrza
,,1,,AE 251,Filtr powietrza
,IC-AA017A,1,,B2G024PR,Filtr powietrza
,IC-AA1EF1,1,,B2G029PR,Filtr powietrza
,IC-AA017B,1,,AP 074,Filtr powietrza
,IC-AEF6FE,1,,AP 156,Filtr powietrza
,IC-AA1EF3,1,,AP 138,Filtr powietrza
,IC-A9C547,1,,B2P012PR,Filtr powietrza
,IC-A9EADF,1,,AR 275,Filtr powietrza
,IC-BA87CB,1,,AP 134/1,Filtr powietrza
,IC-A9C559,1,,AP 132,Filtr powietrza
,IC-AA0F23,1,,B2W027PR,Filtr powietrza
,IC-AA0CA9,1,,B2W041PR,Filtr powietrza
,IC-B9C57F,1,,B2W047PR,Filtr powietrza
,IC-B9C0A7,1,,B2X049PR,Filtr powietrza
,5050063006599,1,,ADH22269,Filtr powietrza
,5904608003171,1,,AK 317,Filtr powietrza
,5904608000262,1,,AP 026,Filtr powietrza
,5904608000422,1,,AP 042,Filtr powietrza
,5904608000743,1,,AP 074,Filtr powietrza
,5904608030788,1,,AP 078/2,Filtr powietrza
,5904608100801,1,,AP 080/9,Filtr powietrza
,5904608000828,1,,AP 082,Filtr powietrza
,5904608020826,1,,AP 082/2,Filtr powietrza
,5904608050915,1,,AP 091/4,Filtr powietrza
,5904608031075,2,,AP 107/2,Filtr powietrza
,5904608001290,1,,AP 129,Filtr powietrza
,5904608000033,1,,AP003,Filtr powietrza
,5904608000057,1,,AP005,Filtr powietrza
,5904608002556,1,,AR 255,Filtr powietrza
,5904608032577,1,,AR 257/3,Filtr powietrza
,5904608002860,1,,AR 286,Filtr powietrza
,5011987860568,1,,HELIX HX7 10W40 1L,Olej silnikowy
,5011987247932,1,,HELIX HX7 10W40 4L,Olej silnikowy
,5011987062924,1,,HELIX ULTRA 5W40 1L,Olej silnikowy
,5011987063419,1,,HELIX ULTRA 5W40 4L,Olej silnikowy
,5011987047365,2,,HELIX ULTRA ECT C3 1L,Olej silnikowy
,3425901111070,1,,LHM PLUS 1L,Olej LHM
,4008177157271,1,,MAGNATEC 5W30 A5 SS 4L,Olej silnikowy
,4008177155598,1,,MAGNATEC 5W40 C3 4L,Olej silnikowy
,5425037869522,2,,MOBIL 1 ESP 5W30 4L,Olej silnikowy
,5425037864664,2,,MOBIL 1 FS X1 5W50 1L,Olej silnikowy
,5055107436141,1,,MOBIL 1 FS X1 5W50 4L,Olej silnikowy
,5055107435144,1,,M-SUP 2000 X1 10W40 1L,Olej silnikowy
,5407005864463,1,,M-SUP 3000 X1 5W40 4L+1L,Olej silnikowy
,5407004032955,1,,M-SUP 3000 XE1 5W30 4L,Olej silnikowy
,5901001766153,6,,ORLEN OIL MIXOL S 1L,Olej do silnik�w 2T
,4010858478575,1,,4PK950,Pasek wielorowkowy
,5901001772840,2,,PLAT CL.5W40 1L,Olej silnikowy
,5901001772857,1,,1,PLAT CL.5W40 4
,IC-B4173A,1,,FZ90358,Poduszka silnika
,IC-B44D2C,1,,FZ90379,Poduszka silnika
,8033989068350,1,,IMP26046,Poduszka skrzyni bieg�w
,3425900000344,1,,QUARTZ 7000 10W40 5L,Olej silnikowy
,3425901107592,1,,QUARTZ 9000 EN. 5W40 1L,Olej silnikowy
,3425901107035,1,,QUARTZ 9000 EN. 5W40 5L,Olej silnikowy
,3425901106939,1,,QUARTZ INEO ECS 5W30 5L,Olej silnikowy
,5907446226320,2,,KR21678,Spr�yna gazowa pokrywy baga�nika
,5907446222063,1,,KR23115,Spr�yna gazowa pokrywy baga�nika
,3165143505250,4,,242235758,�wieca zap�onowa
,87295149294,1,,NGK DPR8EA-9,�wieca zap�onowa
,4041248147955,1,,EL068190,Uszczelka pokrywy zawor�w
